RA,Dec,U_MAG_COG,R_MAG_COG,U_MAGERR_COG,R_MAGERR_COG,U_MAG_APAUTO,R_MAG_APAUTO,U_MAGERR_APAUTO,R_MAGERR_APAUTO,U_IQ,R_IQ,R_A_WORLD,R_B_WORLD,R_THETA_J2000,R_ISOAREA_IMAGE,R_MU_MAX,R_FLUX_RADIUS,U_FLAGS,R_FLAGS,R_MAG_2ARC,R_MAGERR_2ARC,U_MAGLIM_2ARC,R_MAGLIM_2ARC,U_MAGLIM_APAUTO,R_MAGLIM_APAUTO,U_MAGLIM_COG,R_MAGLIM_COG,R_MAG_APER_5,R_MAG_APER_10,R_MAG_APER_15,R_MAG_APER_20,g_wrp_kron,r_wrp_kron,i_wrp_kron,y_wrp_kron,z_wrp_kron,g_wrp_kron_err,r_wrp_kron_err,i_wrp_kron_err,y_wrp_kron_err,z_wrp_kron_err,g_wrp_psf,r_wrp_psf,i_wrp_psf,y_wrp_psf,z_wrp_psf,g_wrp_psf_err,r_wrp_psf_err,i_wrp_psf_err,y_wrp_psf_err,z_wrp_psf_err,GC_Prob
190.2757981,32.8309802,22.01414968,20.67365251,0.016,0.002,21.97914968,20.66265251,0.055,0.006,0.7923,0.632,0.000121388,0.000120677,66.51,174,20.0521,2.005,0,3,20.75565251,0.005,24.376,25.085,23.451,24.527,24.61,25.659,21.17175251,20.76875251,20.64715251,20.63005251,20.89030814,20.37222151,20.42452511,20.4691018,20.39426752,0.040507406,0.096993424,0.066441186,0.17774187,0.097898126,21.02407814,20.63828551,20.53040011,20.4035268,20.51217152,0.048777144,0.037210386,0.021890948,0.08623568,0.04870872,0.001972245
190.0839552,32.8446059,23.05293974,21.56539073,0.037,0.005,23.01293974,21.55739073,0.13,0.016,0.7923,0.6221,0.00011404,0.00010662,52.7,101,20.9205,1.952,0,0,21.63839073,0.011,24.376,24.882,23.451,24.369,24.61,25.539,22.05179073,21.64959073,21.54689073,21.53259073,22.35242429,21.68355273,21.60046065,21.55376986,21.6927335,0.1893943,0.10586578,0.07269657,0.32316574,0.16496624,22.07351329,21.56694273,21.50937465,21.13288086,21.4999285,0.079164475,0.051925544,0.054860312,0.18622482,0.06577283,0.011507373
190.1859822,32.8496427,22.12313969,20.20188138,0.017,0.002,22.10813969,20.20088138,0.06,0.006,0.7923,0.576,0.000115827,0.000111213,64.85,159,19.4139,1.862,0,0,20.25888138,0.004,24.376,24.678,23.451,24.26,24.61,25.404,20.62688138,20.26828138,20.18588138,20.16568138,20.78567351,20.34045238,20.227895,20.18507044,20.16507823,0.0471871,0.031675383,0.049649958,0.09384522,0.04926518,20.75327851,20.22268338,20.077112,19.80470444,19.98744623,0.022183537,0.013937814,0.039932787,0.061122432,0.023236362,0.059373783
190.1500292,32.8640583,24.56384828,22.79326334,0.148,0.019,24.39684828,22.84426334,0.467,0.056,0.7923,0.576,9.64E-05,9.28E-05,-13.49,54,22.1976,1.994,0,0,22.83926334,0.038,24.376,24.678,23.451,24.26,24.61,25.404,23.32336334,22.83926334,22.77156334,22.66996334,22.71125164,22.69507134,22.57092762,,22.15307436,0.43149522,0.15351577,0.21797362,-0.27288386,0.5008249,23.23021964,22.80309934,22.44217662,21.73807197,21.73783336,0.16772768,0.086541526,0.1003579,0.2399054,0.27738157,0.074671238
190.290541,32.884411,23.2679288,21.52507249,0.046,0.005,23.1069288,21.53107249,0.146,0.015,0.7923,0.6205,0.000109284,0.000101313,-87.18,95,20.8698,1.912,0,0,21.59107249,0.011,24.376,24.884,23.451,24.364,24.61,25.548,21.98507249,21.60087249,21.52097249,21.46037249,22.24979822,21.74847149,21.45267606,21.7100372,21.33008666,0.12965252,0.055986866,0.11723128,0.6657721,0.16862497,22.10269422,21.60218549,21.43376306,21.1779402,21.40873566,0.07103691,0.040972374,0.045023736,0.16908555,0.080267146,0.408147112
190.2794728,32.89421,21.85562662,20.49898769,0.014,0.002,21.85162662,20.49798769,0.049,0.006,0.7923,0.6205,0.000124028,0.000114404,10.22,169,19.8196,1.963,0,0,20.57098769,0.005,24.376,24.884,23.451,24.364,24.61,25.548,20.96568769,20.58228769,20.47938769,20.47568769,21.05063716,20.63124769,20.55400509,20.32964236,20.60350352,0.045270603,0.04458314,0.04866776,0.1304735,0.15378939,20.89594016,20.53275369,20.39035309,20.27554536,20.38118252,0.019118667,0.024109498,0.025235197,0.048611466,0.04514345,0.00271187
190.1059262,32.8947685,23.33902746,22.05389897,0.048,0.008,23.35102746,22.04989897,0.178,0.024,0.7923,0.6205,0.000110241,0.000100463,52.69,82,21.3813,2.001,0,0,22.12589897,0.017,24.376,24.884,23.451,24.364,24.61,25.548,22.53279897,22.13989897,22.02139897,22.06849897,22.64886345,22.14832597,21.64588297,20.51646373,21.63524869,0.14432302,0.18310237,0.1820807,0.20294948,0.4774203,22.57526245,22.08446097,21.81764997,21.46336273,21.78863569,0.0824772,0.06467874,0.09574637,0.17441039,0.18686543,0.479507763
190.249641,32.8998704,24.03302637,22.31528125,0.098,0.01,23.97502637,22.30028125,0.343,0.03,0.7923,0.6205,0.00010737,0.00010335,72.44,70,21.7052,2.034,0,0,22.38828125,0.021,24.376,24.884,23.451,24.364,24.61,25.548,22.83948125,22.40058125,22.27008125,22.36148125,23.74117502,22.45925625,21.88458925,19.73060636,22.92114152,0.5677638,0.19641586,0.1603783,0.3755606,0.80750024,22.99796002,22.31381325,22.02765625,21.12368636,22.56127452,0.095662504,0.07673024,0.081538066,0.27289253,0.11462809,0.014826861
190.1365642,32.9058917,23.01422598,21.68046694,0.037,0.006,23.25922598,21.69446694,0.169,0.018,0.7923,0.6205,0.000107988,0.000103672,49.04,84,21.0721,1.945,0,0,21.75046694,0.012,24.376,24.884,23.451,24.364,24.61,25.548,22.15786694,21.75826694,21.69136694,21.69416694,21.75159794,22.04521394,21.59497766,20.77062866,23.01337089,0.15698363,0.12860517,0.1397837,0.56459785,1.2064714,21.98122394,21.79467994,21.53378266,21.58439866,21.60243389,0.11210805,0.059780758,0.0899092,0.2161115,0.20469174,1.68E-05
190.2288588,32.9151876,22.11133987,20.65398929,0.017,0.003,22.07933987,20.64798929,0.058,0.007,0.7923,0.6205,0.000119351,0.000114502,-37.42,152,19.99,1.953,0,0,20.72598929,0.005,24.376,24.884,23.451,24.364,24.61,25.548,21.11988929,20.73638929,20.63208929,20.60508929,21.35309149,20.75829929,20.65059076,20.36796716,20.47418488,0.049662687,0.032888997,0.046875536,0.13988137,0.082425505,21.13656749,20.65380429,20.53396776,20.41609116,20.47230488,0.027709393,0.014045833,0.021637421,0.08429667,0.039208725,0.051186786
190.1801696,32.9315551,22.15723362,20.70947106,0.017,0.003,22.14323362,20.71647106,0.061,0.01,0.7923,0.6794,0.000120883,0.000118223,-73.6,144,20.175,2.126,0,0,20.81047106,0.007,24.376,24.611,23.451,23.97,24.61,25.016,21.27287106,20.82427106,20.71397106,20.69007106,21.1257059,20.91597806,20.77477852,20.5415786,20.29311617,0.042702284,0.04036452,0.03397226,0.16307351,0.06997664,21.0933769,20.75983106,20.58823752,20.5044826,20.55208017,0.011036897,0.023633933,0.027645636,0.075557955,0.06089799,0.003622489
190.2341332,32.9559498,21.55632058,19.95643985,0.01,0.001,21.50232058,19.95843985,0.035,0.004,0.7923,0.6205,0.000119736,0.000117728,84.39,194,19.3134,1.927,0,0,20.02543985,0.003,24.376,24.884,23.451,24.364,24.61,25.548,20.41813985,20.03583985,19.94563985,19.93463985,20.59501626,20.14846185,19.96000912,19.71918091,19.93496818,0.03736059,0.032022852,0.027256742,0.07419819,0.07087661,20.42906426,20.00963985,19.83272312,19.67044291,19.73915918,0.012106764,0.014066744,0.023373086,0.05278406,0.031745363,0.031284785
190.3769503,32.8034123,23.94458433,22.0181916,0.078,0.007,24.05258433,22.0041916,0.32,0.02,0.8019,0.632,0.000110694,0.000104189,-67.42,91,21.4332,2.012,0,0,22.1001916,0.014,24.49,25.085,23.641,24.527,24.969,25.659,22.5187916,22.1150916,21.9868916,21.9210916,22.59912485,22.2474366,22.32238324,21.17615511,21.74329429,0.1830738,0.22629473,0.1731784,0.26070172,0.13426973,22.74719585,22.0937696,21.87711924,21.33791111,21.68641529,0.13002068,0.08868868,0.037089776,0.22342531,0.10437549,0.086204601
190.3293942,32.8354175,22.18256794,20.75464372,0.016,0.002,22.17756794,20.75964372,0.056,0.007,0.8019,0.632,0.00011904,0.00011431,-38.22,148,20.217,2.045,0,0,20.83264372,0.005,24.49,25.085,23.641,24.527,24.969,25.659,21.27284372,20.84374372,20.74924372,20.71784372,21.38988488,20.89338272,20.80937268,20.2608886,20.70691046,0.077338,0.047441524,0.059777692,0.22465196,0.079557024,21.15341188,20.81698372,20.58522068,20.3597416,20.57537946,0.025202468,0.016059613,0.02672504,0.10116047,0.04051802,0.016495966
190.3015283,32.8520282,22.86358225,21.16326856,0.028,0.005,22.87058225,21.16126856,0.104,0.013,0.8019,0.576,0.000109299,0.000105542,27.16,104,20.5101,1.906,0,2,21.22126856,0.009,24.49,24.678,23.641,24.26,24.969,25.404,21.60216856,21.23036856,21.13636856,21.11366856,21.62860161,21.29249356,21.02246234,21.15337031,20.98316656,0.109778814,0.07697826,0.05058654,0.31912935,0.1215378,21.65562661,21.20120856,20.91833434,20.99595731,20.84430956,0.051656246,0.028799139,0.025504991,0.13341445,0.06849475,0.460160444
190.40665,32.8613986,24.4348475,22.65179441,0.119,0.017,24.8118475,22.65279441,0.629,0.049,0.8019,0.576,0.000110329,0.000102153,26.7,67,22.1516,2.149,0,0,22.70079441,0.035,24.49,24.678,23.641,24.26,24.969,25.404,23.24149441,22.71729441,22.62469441,22.59349441,22.93352071,23.03291641,21.99139008,20.40460743,21.59023575,0.17030637,0.26168093,0.20021349,0.23645185,0.37718293,23.03603571,22.60378241,22.40057608,21.59294843,21.90992375,0.09083478,0.10712812,0.18624316,0.23498917,0.13552564,0.143752309
190.3742994,32.878433,23.96016779,22.57442802,0.077,0.013,23.66416779,22.58842802,0.218,0.041,0.8019,0.6205,0.000100327,9.46E-05,-86.94,61,21.8798,1.947,0,0,22.64142802,0.027,24.49,24.884,23.641,24.364,24.969,25.548,23.05942802,22.65142802,22.58752802,22.64632802,22.86605109,22.42614502,23.97158825,21.23909322,22.34019323,0.25883466,0.1773211,2.2879858,0.59762424,0.43075767,23.07349409,22.35125302,22.39732425,21.55301422,22.25339123,0.14369346,0.13039534,0.062063366,0.21665858,0.33169058,2.33E-05
190.4200756,32.8809841,22.61794273,20.80692383,0.025,0.003,22.56494273,20.79492383,0.094,0.008,0.8019,0.6141,0.000114958,0.000113204,-69.3,136,20.1099,1.953,3,3,20.87592383,0.006,24.49,24.96,23.641,24.452,24.969,25.656,21.27552383,20.88952383,20.77662383,20.67812383,21.4622683,20.76053083,20.43990951,20.59726028,20.62051902,0.066482864,0.030090671,0.056367002,0.19895312,0.08896364,21.4179053,20.85358383,20.60310751,20.55387528,20.47708602,0.039531343,0.031075215,0.019040901,0.064331375,0.048699237,0.33034194
190.3754743,32.9528622,22.83342521,21.37926199,0.026,0.005,22.90242521,21.38726199,0.1,0.015,0.8019,0.6205,0.00010564,0.000103671,87.42,91,20.6661,1.892,0,0,21.45026199,0.01,24.49,24.884,23.641,24.364,24.969,25.548,21.82946199,21.45816199,21.37886199,21.33006199,22.10137963,21.43764199,21.52424157,20.85518224,21.69967967,0.19757894,0.06534181,0.08903622,0.20430808,0.09301567,21.80449663,21.38270699,21.33410857,20.88995324,21.26002967,0.07007281,0.048465632,0.04210988,0.10008677,0.07268197,0.000766883
190.4671748,33.0284588,22.78882177,21.23324905,0.025,0.005,22.85882177,21.22524905,0.099,0.014,0.8019,0.6106,0.000111613,0.000109709,-43.74,108,20.6617,2.012,0,0,21.29224905,0.011,24.49,24.77,23.641,24.278,24.969,25.446,21.72354905,21.30204905,21.20504905,21.15394905,21.59514799,21.57624905,21.25730972,20.62962025,21.29294146,0.07510729,0.10736315,0.07672246,0.1989984,0.0839608,21.70983799,21.27930005,21.13303272,20.81553725,21.19554446,0.057518046,0.048429303,0.021353092,0.097059295,0.056842778,0.073098285
190.0000954,32.8050688,24.01805275,22.63599069,0.083,0.014,24.29805275,22.64599069,0.396,0.042,0.8029,0.6221,9.72E-05,9.39E-05,-13.13,57,22.0069,1.931,0,0,22.70599069,0.028,24.373,24.882,23.59,24.369,24.662,25.539,23.10109069,22.71979069,22.62919069,22.76249069,22.99131854,23.02156469,22.52255029,20.13515786,21.67147712,0.19282456,0.19152412,0.19638361,0.42001644,0.23767771,23.23468854,22.79667469,22.45118729,21.34091486,22.29741212,0.080203176,0.098391324,0.08569789,0.2624401,0.20406637,0.137564872
190.0196256,32.826793,23.7264256,21.88219167,0.077,0.009,23.7824256,21.86519167,0.299,0.025,0.7968,0.6221,0.000111962,0.000103509,-35.53,82,21.4458,2.088,0,0,21.95619167,0.02,24.171,24.882,23.246,24.369,24.309,25.539,22.43069167,21.96819167,21.86479167,21.80949167,22.95869207,22.28754267,21.82432952,20.35778932,22.04465421,0.17508258,0.1806599,0.095334254,0.19483934,0.36829594,22.52778007,21.95455067,21.69131852,21.04966932,21.63163121,0.10372869,0.0845942,0.070940286,0.07584006,0.120253116,0.358419375
190.150371,32.7515337,23.72879085,22.18108377,0.051,0.009,23.65979085,22.18508377,0.175,0.026,0.7843,0.6198,0.000107141,0.000100802,-75.93,75,21.49,1.935,0,0,22.24908377,0.018,24.667,24.942,23.742,24.441,24.857,25.635,22.65438377,22.25848377,22.17398377,22.07308377,22.63632363,22.63736377,22.1063391,,22.05140277,0.18956134,0.12216802,0.14294091,-10.809758,0.09845675,22.79252963,22.38568277,22.0905771,21.38896367,21.99683377,0.0881197,0.06979279,0.09420452,0.2515679,0.13119088,0.302240057
190.0206632,32.7655524,22.97847485,21.29675726,0.025,0.004,23.02247485,21.27075726,0.096,0.012,0.7843,0.6198,0.000116314,0.000113807,-62.88,123,20.6425,1.956,0,3,21.37175726,0.008,24.667,24.942,23.742,24.441,24.857,25.635,21.76585726,21.38375726,21.24805726,21.20605726,21.77802963,21.58240326,21.06106735,20.23609516,21.27787883,0.07578682,0.075225316,0.06604475,0.21177407,0.22965811,21.81181263,21.36390326,21.11719735,20.80317816,21.09169183,0.038892325,0.053772826,0.03782829,0.12230708,0.07657909,0.552835437
190.0122445,32.7935361,22.45968043,20.83632903,0.018,0.002,22.47868043,20.83532903,0.065,0.007,0.7946,0.6349,0.000123479,0.00011167,-75.47,153,20.1998,1.964,0,0,20.91732903,0.005,24.538,25.045,23.613,24.404,24.728,25.465,21.32582903,20.92802903,20.82282903,20.79592903,21.45868262,20.91800803,20.95712868,20.88818189,20.71649813,0.085299365,0.05261864,0.059635706,0.23821342,0.07387673,21.37174762,20.88145503,20.70627168,20.54221989,20.70044813,0.052875936,0.038514458,0.024561426,0.105156176,0.0369507,0.295195903
190.2751569,32.7794961,21.33675676,20.00059688,0.007,0.001,21.34675676,20.01059688,0.025,0.003,0.7626,0.6525,0.000124487,0.000120025,66.84,210,19.4502,2.001,0,0,20.08659688,0.002,24.544,25.204,23.619,24.563,24.734,25.609,20.52249688,20.09789688,20.00029688,19.97349688,20.65289975,20.15978588,20.03698613,19.87713169,20.06583024,0.042030524,0.02437814,0.020037066,0.12805614,0.058834087,20.44067875,20.02380888,19.92183513,19.84911269,19.86398524,0.021552183,0.014201316,0.015283627,0.03207357,0.022209352,0.001696914
190.3342978,32.9475364,22.68200199,21.1505729,0.025,0.004,22.65600199,21.1055729,0.093,0.012,0.8211,0.6205,0.000131357,0.000122651,75.05,154,20.752,2.29,0,0,21.2295729,0.009,24.372,24.884,23.447,24.364,24.562,25.548,21.7533729,21.2488729,21.0706729,21.0681729,21.98640206,21.1682409,20.73552896,21.30194438,21.00846152,0.10122754,0.061593693,0.09596665,0.30208638,0.12094297,21.75219206,21.2252689,21.01275096,20.93749138,20.90833152,0.042467933,0.031942435,0.059676867,0.11352289,0.04952839,0.462108574
190.3364872,32.9872513,23.30773288,21.22596689,0.045,0.004,23.15873288,21.21896689,0.146,0.012,0.8211,0.6205,0.000115678,0.000110253,-35.87,122,20.492,1.942,0,0,21.29696689,0.008,24.372,24.884,23.447,24.364,24.562,25.548,21.68886689,21.30876689,21.19896689,21.18196689,21.99955156,21.28820989,21.0945919,21.08372456,21.39503829,0.046723317,0.057152946,0.09320187,0.21010329,0.10155893,21.86500156,21.20344589,20.9656089,20.81605056,21.01961429,0.042164378,0.033742443,0.03812056,0.090794414,0.06116077,0.022636373
189.8858117,32.3874387,24.49324978,22.68063594,0.107,0.016,24.90324978,22.64963594,0.547,0.048,0.7366,0.6694,0.000108474,0.00010401,-89.51,69,22.253,2.302,0,0,22.78263594,0.034,24.567,24.952,23.735,24.363,24.907,25.573,23.28893594,22.80383594,22.61943594,22.52003594,21.96542626,22.45146794,22.0606503,20.64857014,22.51831777,0.13940522,0.23390085,0.07777775,0.36308745,0.34257162,23.36382226,22.49003094,22.2867213,21.21631414,22.05889377,0.13296755,0.09608094,0.06098703,0.16411252,0.17528859,1.77E-06
189.9783147,32.5325789,23.8169683,22.14848421,0.064,0.009,23.4609683,22.15848421,0.167,0.029,0.7754,0.6198,0.000102618,9.84E-05,-66.6,70,21.3981,1.911,0,0,22.21548421,0.019,24.544,24.942,23.619,24.441,24.734,25.635,22.60658421,22.22798421,22.15238421,22.06838421,22.71092694,22.21087021,21.95104119,20.79042882,22.34192391,0.2809702,0.16282865,0.23953842,0.5529664,0.3453641,22.57207394,22.07147021,21.89558119,21.40453382,21.95978191,0.12156006,0.07208283,0.072335795,0.18881065,0.08429002,0.55733807
189.9538645,32.5598867,22.70976398,21.04683503,0.024,0.004,22.73776398,21.05383503,0.09,0.01,0.7754,0.6198,0.00011024,0.000107939,-79.89,107,20.31,1.906,0,0,21.11483503,0.008,24.544,24.942,23.619,24.441,24.734,25.635,21.50813503,21.12513503,21.04043503,21.01163503,21.64653853,21.29271503,21.06158345,20.72516169,21.00448908,0.083310515,0.046860583,0.054745857,0.14601661,0.08625631,21.55822153,21.05135203,20.88469845,20.75859869,20.85022108,0.05413455,0.032014005,0.027210582,0.076979786,0.0468798,0.368137118
189.9524083,32.5880695,24.27560326,22.75920935,0.092,0.015,24.27360326,22.71020935,0.334,0.043,0.7754,0.6198,0.000105234,9.79E-05,86.67,57,22.3123,2.225,0,0,22.84320935,0.031,24.544,24.942,23.619,24.441,24.734,25.635,23.37130935,22.85650935,22.71390935,22.80520935,22.34560411,22.36184535,22.35555299,20.94044361,22.27083225,0.30858204,0.20856827,0.27797475,0.37319073,0.5669645,23.01551911,22.76834935,22.39649099,21.43876461,22.60263125,0.17812358,0.07528796,0.13733266,0.18435852,0.09355338,0.00053326
189.9078031,32.6332592,23.42095179,21.73485818,0.043,0.006,23.30495179,21.74685818,0.138,0.018,0.7754,0.6198,0.000106523,0.000105424,73.77,92,21.0808,1.897,0,0,21.80485818,0.012,24.544,24.942,23.619,24.441,24.734,25.635,22.19475818,21.81615818,21.71835818,21.64745818,22.5594565,21.63728918,21.62963771,,20.92410315,0.12014353,0.09307214,0.14904106,-0.7005552,0.23121427,22.1653165,21.73749418,21.53954171,21.08491856,21.65820615,0.081596255,0.042900734,0.066966176,0.14218657,0.12535001,0.287813097
189.9762012,32.3715632,24.14940187,22.33379601,0.072,0.01,24.15640187,22.30879601,0.255,0.032,0.7386,0.6451,0.000105583,0.000100628,88.93,73,21.7044,1.977,0,0,22.41779601,0.021,24.676,24.939,23.751,24.384,24.938,25.61,22.81239601,22.42839601,22.29699601,22.32579601,22.95566316,22.42772601,22.04814897,20.3399734,22.38882698,0.21644287,0.18944578,0.17189631,0.29817018,0.42191896,22.93414416,22.33631801,22.08874897,21.3556494,21.96507398,0.058782212,0.092051454,0.085487045,0.22402099,0.12376658,0.316493056
189.9207349,32.4362036,22.7634663,21.24421361,0.019,0.004,22.6644663,21.24321361,0.06,0.011,0.7386,0.6595,0.000115884,0.000111128,66.15,113,20.7934,2.094,0,0,21.32221361,0.008,24.774,25.073,23.849,24.502,24.964,25.633,21.79081361,21.33391361,21.23531361,21.24841361,21.71437778,21.53059161,21.41724372,20.81452664,21.14561134,0.08109946,0.082934156,0.075021856,0.18022093,0.12268609,21.66461278,21.28679061,21.13188572,20.91940264,21.00987234,0.058487963,0.038010884,0.033668697,0.13638763,0.08783109,0.019668372
189.9931296,32.4479766,24.1265509,22.72587634,0.065,0.013,24.1565509,22.71587634,0.236,0.039,0.7386,0.6227,0.000112632,0.000104244,-88.84,76,22.3181,2.324,0,0,22.80287634,0.026,24.774,25.076,23.849,24.435,24.964,25.531,23.35987634,22.81927634,22.74697634,22.70127634,23.70548728,22.98203434,22.87697262,21.92537115,21.96484738,0.6967071,0.27376646,0.30255368,1.0670692,0.18808667,23.31584928,22.83315834,22.61736662,21.81482015,21.86786838,0.19198059,0.14712434,0.14734927,0.27840024,0.079729155,0.308944621
189.8983457,32.4349096,22.95098192,21.30895251,0.024,0.004,23.07398192,21.29495251,0.093,0.013,0.7334,0.6694,0.000119259,0.000116032,-2.12,123,20.8833,2.138,0,0,21.39595251,0.009,24.685,24.952,23.76,24.363,24.875,25.573,21.89025251,21.40845251,21.28755251,21.24315251,21.65674135,21.65052951,21.18751183,20.96874091,21.02595602,0.077109024,0.08099175,0.055698507,0.15650436,0.10314417,21.77718535,21.42307851,21.15827183,20.86785991,20.99969202,0.08003469,0.036966007,0.047326084,0.119399466,0.05928126,0.077643425
189.996309,32.3143204,21.77001286,20.19712535,0.01,0.002,21.75901286,20.19312535,0.034,0.005,0.7248,0.6451,0.000126496,0.000121961,53.18,204,19.5467,2.031,0,0,20.27512535,0.004,24.415,24.939,23.49,24.384,24.605,25.61,20.69352535,20.28632535,20.17922535,20.15932535,20.85125423,20.29216835,20.10066514,20.2758502,20.09434702,0.02816073,0.032035053,0.015163806,0.08899094,0.06749813,20.70184223,20.21091335,19.99556014,19.9600282,19.93710902,0.021587325,0.017427089,0.012520006,0.05366552,0.028438373,0.243272316
189.9266413,32.3155272,22.26274884,20.97198304,0.016,0.003,22.28874884,20.95198304,0.055,0.008,0.7248,0.6595,0.000127103,0.000122504,85.65,171,20.4433,2.131,0,0,21.05598304,0.006,24.415,25.073,23.49,24.502,24.605,25.633,21.51038304,21.06978304,20.93708304,20.92368304,21.66950351,21.57087604,21.44829354,20.0762913,21.52498236,0.11074113,0.09579374,0.14941223,0.23491688,0.19355975,21.63215151,21.39025304,21.21425354,20.8291473,21.27946036,0.056632906,0.07248543,0.06705243,0.0813039,0.11912862,2.92E-05
189.8843085,32.4635807,22.18468213,20.87979091,0.014,0.003,22.22168213,20.88079091,0.048,0.009,0.7344,0.6198,0.000113632,0.000111654,84.9,133,20.2424,1.946,0,0,20.95079091,0.006,24.562,24.942,23.637,24.441,24.752,25.635,21.34879091,20.96129091,20.87129091,20.84799091,21.35869476,21.05209191,20.95881188,20.76397996,20.73897069,0.038044635,0.052912924,0.036862154,0.15171519,0.11181502,21.25857476,20.90570291,20.73199388,20.52421296,20.58991569,0.06418211,0.021235842,0.029454373,0.1450752,0.057687324,0.00705978
189.9955916,32.6582712,23.70460366,21.92474861,0.054,0.008,23.80060366,21.90374861,0.206,0.021,0.74,0.6198,0.000115884,0.000109347,85.94,96,21.4116,2.071,0,0,22.00374861,0.016,24.551,24.942,23.626,24.441,24.741,25.635,22.45244861,22.01674861,21.90734861,21.94834861,22.45686162,22.19298961,21.85676258,20.75354208,21.68883932,0.17535233,0.1698458,0.21931122,0.22232309,0.12154573,22.46797262,21.97812861,21.64279158,20.82341808,21.53467832,0.078797705,0.048740584,0.075731404,0.14000523,0.07711887,0.236249038
190.6487671,32.7955772,23.07798626,21.44672814,0.036,0.004,22.79198626,21.43372814,0.102,0.013,0.7974,0.6141,0.000114906,0.000107733,-25.17,109,20.7878,1.997,0,0,21.51372814,0.009,24.371,24.96,23.478,24.452,24.561,25.656,21.93472814,21.52532814,21.42892814,21.36892814,22.03297609,21.33637514,21.52136951,20.85297354,21.38079394,0.07950515,0.07797368,0.08866143,0.2006162,0.092301674,21.92775609,21.42753514,21.31083951,21.23334854,21.29136494,0.05278956,0.027684323,0.046920862,0.14752202,0.09758548,0.114755745
190.6268738,32.8009857,22.45839188,21.15932966,0.021,0.004,22.46439188,21.15032966,0.076,0.01,0.7974,0.6141,0.000113326,0.000109153,-67.48,122,20.5086,1.968,0,0,21.22632966,0.007,24.371,24.96,23.478,24.452,24.561,25.656,21.62482966,21.23792966,21.13702966,21.14992966,21.89209657,21.35596566,21.15161468,21.04086523,20.93145196,0.12024349,0.051184595,0.05156843,0.13356607,0.10608182,21.65342557,21.18303766,21.03342168,20.88917023,21.06494396,0.061568137,0.02818797,0.03564587,0.09417258,0.04205063,0.107042387
190.7316411,32.8385809,23.56265224,22.26886043,0.06,0.01,23.44465224,22.28586043,0.198,0.028,0.7974,0.5907,9.70E-05,9.24E-05,-23.15,65,21.3501,1.714,0,0,22.32986043,0.021,24.371,24.982,23.478,24.494,24.561,25.555,22.63456043,22.33776043,22.27986043,22.26766043,22.95501337,22.42939243,22.57816228,19.94986181,22.310015,0.2175794,0.2599358,0.16320777,0.094365776,0.27432308,22.73228637,22.26099443,22.23964928,21.16281381,22.187115,0.08432997,0.09619648,0.074915044,0.11755023,0.046242423,0.000468251
190.7940993,32.8515304,23.95776506,22.15384316,0.085,0.01,24.01076506,22.15984316,0.333,0.026,0.7974,0.5635,0.0001053,9.85E-05,58.45,75,21.2646,1.88,0,0,22.20484316,0.02,24.371,24.893,23.478,24.252,24.561,25.544,22.60804316,22.21594316,22.12944316,22.15744316,22.29194889,21.99279316,21.78613853,21.82400567,21.35124272,0.075195946,0.07344147,0.13653837,0.253735,0.11142667,22.48712489,21.90389316,21.67819953,21.00967867,21.29736672,0.08471257,0.06649258,0.06646861,0.08325575,0.07327899,0.463604182
190.7662323,32.8558616,21.76127241,20.41065568,0.012,0.002,21.79227241,20.41565568,0.043,0.006,0.7974,0.5635,0.00011161,0.000107577,-81.05,141,19.5503,1.788,0,0,20.46365568,0.005,24.371,24.893,23.478,24.252,24.561,25.544,20.79995568,20.47225568,20.40195568,20.38035568,20.8360604,20.59963568,20.43799843,20.25577057,20.59462683,0.067346305,0.03711188,0.049987465,0.12114621,0.070882864,20.8099724,20.44841368,20.30702243,20.47162557,20.32333683,0.03912841,0.013771328,0.01358919,0.09387797,0.038006023,0.002251741
190.6406667,32.8759688,21.76437865,20.00863487,0.011,0.002,21.75537865,20.00163487,0.04,0.004,0.7974,0.6141,0.000125019,0.000121136,-46.72,217,19.3893,2.022,0,2,20.07463487,0.003,24.371,24.96,23.478,24.452,24.561,25.656,20.49703487,20.08603487,19.98173487,19.95053487,20.5780718,20.05355487,19.72277523,19.66865977,19.77843859,0.019466508,0.023565156,0.016068436,0.1382285,0.044945657,20.4936978,20.03608587,19.80838223,19.69565577,19.78629859,0.010501576,0.01172314,0.010716526,0.043175653,0.029613046,0.122895528
190.6051663,32.905637,23.76908041,21.80739602,0.078,0.007,23.79208041,21.79439602,0.283,0.019,0.7974,0.6141,0.000106223,0.000101687,-27.64,80,21.1776,1.931,0,0,21.87539602,0.014,24.371,24.96,23.478,24.452,24.561,25.656,22.27849602,21.88359602,21.77059602,21.71829602,22.36231403,21.96218102,21.51066299,20.75344048,21.32732184,0.078511685,0.12732504,0.13243663,0.2519935,0.19834462,22.40688403,21.87118002,21.55945499,21.39392048,21.18909484,0.07513002,0.055811267,0.056718607,0.12362901,0.055993818,0.184922924
190.6469961,32.9108546,22.09832758,20.75152925,0.016,0.003,22.22432758,20.75652925,0.066,0.007,0.7974,0.6141,0.000114464,0.000109459,-82.82,131,20.1115,1.923,0,0,20.81652925,0.005,24.371,24.96,23.478,24.452,24.561,25.656,21.21702925,20.82652925,20.74402925,20.75672925,21.22951362,20.93710925,20.84127929,20.4479901,20.75931648,0.05322809,0.045919243,0.07386853,0.15627782,0.04994336,21.14216662,20.79062825,20.64894829,20.5810581,20.58394548,0.03149545,0.02281593,0.041183807,0.15085381,0.035657436,0.002206095
190.7997928,32.9530655,22.92682325,21.68964027,0.033,0.005,22.91382325,21.69264027,0.119,0.015,0.7974,0.585,0.000107876,0.000103843,-42.29,92,21.081,1.903,0,0,21.74364027,0.011,24.371,25.11,23.478,24.663,24.561,25.82,22.14324027,21.75364027,21.67274027,21.69044027,22.06358107,21.80377627,21.55306164,21.21683524,21.65584838,0.17332067,0.07639867,0.086819336,0.256971,0.14910719,22.03881907,21.66331727,21.53534264,21.11070024,21.32555238,0.05086724,0.046854943,0.039237227,0.11845276,0.075000644,0.003998815
190.6069613,32.9563699,23.23768548,21.878566,0.046,0.006,23.27468548,21.876566,0.172,0.019,0.7974,0.6141,0.000105483,0.000101853,77.9,81,21.2221,1.918,0,0,21.943566,0.013,24.371,24.96,23.478,24.452,24.561,25.656,22.334666,21.952966,21.879666,21.835966,22.68728872,22.254258,22.05016319,24.11514234,23.13175732,0.12636222,0.08384828,0.10297934,8.818814,1.6228561,22.23658372,22.021951,21.75192019,21.64608534,22.07085932,0.094990075,0.051390316,0.05197602,0.18732011,0.19611533,0.000128535
190.4863738,32.83507,21.92184226,20.35364297,0.012,0.002,21.93084226,20.36764297,0.043,0.005,0.8019,0.632,0.000116395,0.000114774,-28.15,164,19.754,1.933,0,0,20.43064297,0.003,24.49,25.085,23.641,24.527,24.969,25.659,20.83514297,20.44084297,20.36224297,20.35864297,21.07651437,20.61789097,20.39006406,20.48704536,20.28967772,0.037618525,0.019933822,0.050461087,0.1286189,0.09787456,20.89631037,20.41131297,20.17872406,20.18224336,20.14862672,0.018667715,0.017977633,0.017606767,0.07043102,0.023321599,0.323851446
190.5326094,32.9351112,23.49924419,21.98978909,0.047,0.008,23.41024419,22.00978909,0.161,0.023,0.8019,0.6141,0.000107539,0.000101486,-20.39,78,21.3137,1.932,0,0,22.05278909,0.017,24.49,24.96,23.641,24.452,24.969,25.656,22.46478909,22.05848909,21.99968909,22.06578909,22.25420468,22.00899509,21.90413196,21.59893717,21.6900969,0.12815619,0.10965379,0.20921384,1.6229191,0.19884357,22.27538368,21.93462409,21.65628296,23.04134217,21.6103999,0.068804376,0.04249929,0.07900975,2.246698,0.10783215,0.059716011
190.5429449,32.9545751,21.90374731,20.04652125,0.011,0.001,21.90874731,20.04552125,0.041,0.004,0.8019,0.6141,0.000117464,0.000116565,-76.84,183,19.3413,1.911,0,0,20.11252125,0.003,24.49,24.96,23.641,24.452,24.969,25.656,20.49442125,20.12262125,20.03412125,20.01932125,20.69941951,20.18479725,20.00773941,19.83936728,19.87175185,0.027837584,0.023834154,0.024146346,0.100248,0.031616878,20.59822351,20.07333325,19.86491941,19.67812228,19.78734585,0.016834423,0.010063511,0.013714351,0.061888047,0.020913517,0.147354739
190.483598,32.95787,24.17993086,22.72938594,0.089,0.014,24.19093086,22.75038594,0.333,0.043,0.8019,0.6141,9.76E-05,9.55E-05,-44.22,58,22.2018,1.996,0,0,22.78738594,0.028,24.49,24.96,23.641,24.452,24.969,25.656,23.22948594,22.79308594,22.74498594,22.53718594,22.82805538,22.69685694,22.17134533,20.71699261,22.48379186,0.22530982,0.25057173,0.29841894,0.69831115,0.2525872,23.07080138,22.57812494,22.27409633,20.73872061,22.07782186,0.13997519,0.08709897,0.1021873,0.26572043,0.09987958,0.394667025
190.7922157,32.7887063,22.80943396,21.33104756,0.024,0.003,22.70643396,21.33104756,0.078,0.01,0.7667,0.583,0.000109942,0.00010635,-63.86,118,20.641,1.866,0,0,21.39304756,0.007,24.54,25.191,23.615,24.55,24.73,25.778,21.76424756,21.40424756,21.31704756,21.28804756,22.20380632,21.56152356,21.23160158,,21.02577623,0.12084989,0.06580475,0.06643083,-1.314568,0.6710755,21.78739532,21.36867356,21.20442758,21.4243677,21.53489323,0.056563206,0.03016825,0.036291603,0.21960367,0.24091423,0.090554631
190.9687976,32.7907978,23.71975473,22.32460334,0.054,0.01,23.39875473,22.35560334,0.15,0.03,0.8045,0.5958,9.88E-05,9.67E-05,-56.67,67,21.4397,1.792,0,0,22.37760334,0.02,24.64,24.952,23.715,24.481,24.83,25.655,22.74550334,22.38330334,22.34900334,22.39380334,22.93330868,22.71452734,24.67318405,20.68352288,21.96464596,0.17719842,0.15492994,3.5207493,0.46448898,0.23222323,22.99742768,22.46344634,22.30386005,21.16784888,22.00812596,0.11625363,0.0851675,0.16430141,0.2221022,0.16794342,0.384813108
190.9725965,32.8101384,21.97777721,20.5541545,0.016,0.002,21.93377721,20.5561545,0.057,0.006,0.8582,0.5958,0.000113776,0.000111888,87.35,142,19.8181,1.854,0,0,20.6141545,0.005,24.348,24.952,23.423,24.481,24.538,25.655,20.9908545,20.6241545,20.5404545,20.5107545,21.29718839,20.7461935,20.60652389,20.43091694,20.50829061,0.07270346,0.04082319,0.04605987,0.11523518,0.06772368,21.02663639,20.6187705,20.42154189,20.35616694,20.42339761,0.030977855,0.016608965,0.021339461,0.052147795,0.035666604,0.070820037
190.5386179,32.8094384,23.93270932,22.4636494,0.082,0.011,23.56570932,22.4576494,0.214,0.033,0.7936,0.6141,0.000104274,9.90E-05,80.81,69,22.0104,1.994,0,0,22.5276494,0.023,24.386,24.96,23.461,24.452,24.576,25.656,22.9711494,22.5363494,22.4425494,22.6333494,22.54920617,22.8982094,22.12415429,22.6711594,22.40955501,0.26322022,0.35927314,0.13776173,1.3367841,0.8263272,22.82050917,22.6704154,22.25384029,21.3170144,22.09008801,0.15933292,0.08960457,0.08525418,0.10739102,0.11803768,2.26E-06
190.5496355,32.9138392,22.35525961,20.79187549,0.019,0.003,22.30325961,20.78487549,0.066,0.008,0.7936,0.6141,0.000116173,0.000113666,-51.22,143,20.234,1.981,0,0,20.85887549,0.006,24.386,24.96,23.461,24.452,24.576,25.656,21.26697549,20.86997549,20.77347549,20.75267549,21.39159708,20.94565149,20.76748059,20.8075368,20.73821139,0.04830964,0.040628884,0.050640676,0.19914351,0.06648417,21.26457708,20.76289149,20.61571859,20.6539748,20.63488039,0.021462241,0.025214462,0.027039066,0.062288735,0.028848298,0.186059319
190.5488086,32.9233608,22.8200329,21.17375328,0.029,0.004,22.7960329,21.16875328,0.103,0.01,0.7936,0.6141,0.000112835,0.000109118,18.17,118,20.5108,1.961,0,0,21.24075328,0.007,24.386,24.96,23.461,24.452,24.576,25.656,21.63485328,21.25215328,21.15805328,21.14505328,21.89902343,21.51572728,21.11986893,20.70732636,21.23575184,0.069969684,0.09240741,0.04128292,0.1910802,0.14117104,21.74711843,21.27554028,21.01664493,20.73907036,21.09084084,0.029157812,0.043846168,0.027615396,0.18269005,0.05799776,0.65345374
190.1370076,32.2683872,23.70444838,22.35566491,0.061,0.01,23.60944838,22.33766491,0.196,0.032,0.7274,0.6451,0.000110531,0.000103933,-1.58,70,21.7938,2.025,0,3,22.43566491,0.021,24.417,24.939,23.698,24.384,24.944,25.61,22.88246491,22.45456491,22.27156491,22.22786491,22.52745563,22.32483491,22.16213959,22.11999173,21.21370505,0.10417477,0.09011168,0.14887452,2.5520399,0.21796995,22.75412463,22.40053491,22.18761359,21.67249973,21.68809205,0.07165069,0.056519724,0.08945377,0.36611992,0.14892764,0.030907366
190.5147739,32.2739524,23.58378191,22.11492277,0.055,0.008,23.43178191,22.11092277,0.167,0.024,0.7274,0.6234,0.000111015,0.000105252,34.47,84,21.4527,1.949,0,2,22.17792277,0.017,24.417,24.989,23.698,24.459,24.944,25.651,22.60212277,22.19012277,22.11562277,21.98212277,22.61321089,22.19109877,21.85855802,20.06189996,22.39253132,0.16095471,0.090546615,0.12322044,0.19974503,0.4570987,22.61256389,22.19517077,21.90248202,21.49398496,21.99099332,0.12907417,0.049214646,0.08034802,0.14028525,0.09589938,0.344175979
190.2252665,32.2819658,23.29083517,21.8278734,0.045,0.006,23.34783517,21.8098734,0.17,0.019,0.7274,0.6474,0.000117635,0.000106232,-88.87,104,21.1921,2.033,0,0,21.9068734,0.013,24.417,25.051,23.698,24.497,24.944,25.655,22.3288734,21.9198734,21.7921734,21.7918734,22.74609401,21.9102354,21.61683503,21.22669173,21.68631129,0.3774083,0.087777026,0.08154042,0.41434988,0.11286151,22.46007701,21.8570074,21.55000203,21.30810673,21.73170429,0.08391806,0.045084883,0.036177184,0.13340658,0.06553748,0.111853545
190.2477042,32.286628,22.31557327,20.32619318,0.017,0.002,22.29657327,20.32919318,0.06,0.005,0.7274,0.6474,0.000121497,0.000115958,-87.53,183,19.7818,2.014,0,0,20.40419318,0.004,24.417,25.051,23.698,24.497,24.944,25.655,20.83159318,20.41509318,20.32529318,20.32069318,21.10971274,20.50432618,20.34386379,20.24813001,20.26061831,0.050149836,0.024100704,0.028367857,0.092145175,0.05234843,20.92713174,20.37132618,20.18382679,20.04510201,20.07537131,0.016209973,0.011083672,0.019806257,0.04136023,0.024303524,0.105334363
190.1715196,32.2980978,21.5872682,19.97118491,0.01,0.003,21.5672682,19.97518491,0.033,0.007,0.7274,0.6675,0.000125265,0.000120801,83.21,172,19.5361,2.149,0,0,20.06118491,0.005,24.417,24.703,23.698,24.115,24.944,25.259,20.54678491,20.07398491,19.96698491,19.93478491,20.48126981,20.09774191,19.93023862,20.04914517,19.88447521,0.03112471,0.016361307,0.02162284,0.06447712,0.033949744,20.43471981,19.99635891,19.81968862,19.70541917,19.76044621,0.013331427,0.01193031,0.012225206,0.032388534,0.017137127,0.047382852
190.5404418,32.3287741,23.45127401,21.96149283,0.049,0.007,23.16927401,21.95149283,0.131,0.021,0.7274,0.6234,0.000104911,0.000102491,-17.72,83,21.3131,1.916,0,0,22.03349283,0.014,24.417,24.989,23.698,24.459,24.944,25.651,22.42809283,22.04349283,21.95869283,22.01509283,23.05300837,22.02717883,22.2788486,21.12848083,22.2262682,0.14579122,0.08871976,0.18596548,0.2151983,0.39955544,22.54676137,21.91749283,21.8017956,21.13500683,21.8006682,0.08775373,0.046476103,0.04792675,0.11320378,0.10930478,0.112418411
190.5892486,32.3332816,23.95999589,22.086421,0.078,0.008,23.99599589,22.083421,0.282,0.024,0.7274,0.6234,0.000104643,9.90E-05,-84.19,75,21.5167,1.894,0,0,22.152421,0.016,24.417,24.989,23.698,24.459,24.944,25.651,22.550221,22.162321,22.085821,22.061121,22.62777905,22.569796,22.16454761,19.63342209,22.18044523,0.20552681,0.12656003,0.19804157,0.2398568,0.5296031,22.55853405,22.114001,21.88730461,21.22380109,21.81850523,0.08907953,0.07589453,0.05818584,0.23731726,0.09132929,0.368971444
190.2153396,32.3341267,25.01888581,22.94397878,0.215,0.015,25.36188581,22.86497878,0.989,0.045,0.7274,0.6474,0.000108354,0.000104352,52.68,69,22.7053,2.359,0,0,23.03397878,0.032,24.417,25.051,23.698,24.497,24.944,25.655,23.58687878,23.04987878,22.82737878,22.86817878,23.47419085,23.05480878,22.68794082,20.01029228,21.60210527,0.5855852,0.16602732,0.15921877,0.2505097,0.41977608,23.54220485,22.82738278,22.56479682,21.16579128,22.19838527,0.26625258,0.06543495,0.10868722,0.13591963,0.30961862,0.001181981
190.2849527,32.3438475,24.56612333,23.02933352,0.126,0.019,24.83312333,23.03633352,0.567,0.059,0.7274,0.6234,0.000106054,9.65E-05,-73.05,58,22.5589,2.232,0,0,23.11133352,0.04,24.417,24.907,23.698,24.266,24.944,25.34,23.63173352,23.13303352,23.04813352,23.15803352,23.00447857,23.14359652,22.48833846,21.09760493,21.74138041,0.33202258,0.5946427,0.29557967,0.8977657,0.51949483,23.19418257,22.83920852,22.41867246,21.77827593,22.63992441,0.1467839,0.15805721,0.11838075,0.55170965,0.21950778,0.003602159
190.5148938,32.3511185,23.28213769,21.83218509,0.042,0.008,23.23713769,21.83318509,0.141,0.024,0.7274,0.6086,0.000112877,0.000105621,89.4,86,21.4449,2.169,0,0,21.89218509,0.017,24.417,24.667,23.698,24.2,24.944,25.365,22.41198509,21.90268509,21.81008509,21.79808509,22.32865299,21.80938209,21.37738107,21.21661812,21.3600329,0.12537336,0.06660201,0.12904648,0.5717883,0.16732952,22.52783299,21.86398209,21.60769407,21.35997112,21.3639329,0.11055686,0.08073304,0.082212195,0.16138473,0.106491454,0.048068758
190.5991014,32.3558956,23.44252174,22.13708732,0.049,0.011,23.44952174,22.14308732,0.171,0.032,0.7274,0.6086,0.000101661,9.48E-05,88.12,67,21.3192,1.847,0,0,22.19808732,0.022,24.417,24.667,23.698,24.2,24.944,25.365,22.58008732,22.20488732,22.14688732,22.11478732,23.15444421,22.23401832,22.78320468,19.96968624,21.94944606,0.2424948,0.09759789,0.28932938,0.39052722,0.19085605,22.59049621,22.10913132,22.12242268,21.96692824,21.76591306,0.092237696,0.04087682,0.07616957,0.52367204,0.08592039,7.20E-05
190.5764674,32.3738391,23.65823474,22.22185453,0.059,0.009,23.60123474,22.22585453,0.197,0.027,0.7274,0.6234,0.000102647,9.77E-05,-28.51,68,21.4202,1.859,0,0,22.28985453,0.018,24.417,24.989,23.698,24.459,24.944,25.651,22.65425453,22.29865453,22.22335453,22.22295453,22.50314519,22.63953453,22.28741362,20.5208648,23.82508466,0.2031811,0.11396588,0.19545716,0.43500292,4.271128,22.66205419,22.27622153,22.02198762,21.2237988,21.86424966,0.090527214,0.076560944,0.09161911,0.19719924,0.15919405,0.171045545
190.3003534,32.3822291,24.64877319,22.79252765,0.14,0.014,25.45077319,22.83152765,1.032,0.046,0.7274,0.6586,9.79E-05,9.67E-05,-78.14,60,22.294,1.991,0,0,22.87452765,0.028,24.417,25.08,23.698,24.439,24.944,25.485,23.33822765,22.87982765,22.83072765,22.70782765,22.76932916,22.26278165,22.49093839,20.85000713,21.67388025,0.20357594,0.21143581,0.24462412,0.45435518,0.25119388,22.99238416,22.57879765,22.13354639,22.04224713,22.35706525,0.08636482,0.07605822,0.07128416,0.28636166,0.18856516,0.002883129
190.3945431,32.4976836,22.83944248,21.37903705,0.031,0.004,22.73444248,21.37803705,0.098,0.012,0.751,0.6381,0.000120629,0.000114566,40.4,125,21.007,2.188,0,0,21.46003705,0.008,24.387,25.05,23.592,24.506,24.741,25.51,21.98303705,21.47353705,21.36733705,21.41063705,22.72961794,21.83462505,21.6800434,21.36410645,21.50642513,0.16736253,0.07056545,0.10568621,0.45819414,0.22709101,22.05453694,21.51966705,21.4242574,21.32559645,21.18278013,0.05817695,0.044934604,0.08338191,0.24051778,0.11663858,0.062949269
190.3958206,32.508824,21.87523273,20.12646303,0.013,0.001,21.76823273,20.09546303,0.041,0.004,0.751,0.6381,0.000159336,0.000149152,51.01,314,19.7483,2.309,0,3,20.21446303,0.003,24.387,25.05,23.592,24.506,24.741,25.51,20.73226303,20.23136303,20.07416303,20.01476303,21.36350169,20.49793803,20.4005845,20.13373967,20.33504358,0.09685831,0.03151587,0.0589895,0.09910742,0.0747018,20.82101769,20.28962303,20.1415415,19.91668967,19.99866158,0.04792777,0.020755768,0.03428016,0.07165147,0.031110397,0.06392326
190.1912996,32.514747,22.78149633,21.16230788,0.027,0.004,22.99449633,21.15930788,0.116,0.011,0.751,0.6198,0.000122469,0.000111531,-64.84,126,20.5493,2.016,0,2,21.23430788,0.009,24.387,24.942,23.592,24.441,24.741,25.635,21.65570788,21.24480788,21.13490788,21.10550788,21.85056756,21.10780088,20.96136181,20.84985797,21.05322118,0.122766815,0.04567474,0.065720305,0.18166398,0.11470639,21.62849756,21.10997788,20.98423881,20.79505997,20.96140318,0.056949414,0.020893408,0.03372099,0.11814143,0.06479999,0.153374138
190.2806434,32.561828,23.28957963,21.95973566,0.042,0.007,23.32657963,21.95673566,0.154,0.019,0.751,0.632,0.000111086,0.000107299,74.45,92,21.4151,2.04,0,0,22.03873566,0.014,24.387,25.111,23.592,24.57,24.741,25.694,22.49013566,22.05163566,21.95553566,21.92903566,22.6555339,22.21045766,22.07469061,21.66253299,22.10643116,0.14241184,0.098513536,0.15341474,0.8091786,0.23215432,22.5265749,22.02967366,21.81587161,21.34724999,21.66301316,0.06899438,0.04329933,0.082288176,0.27389082,0.09648718,0.595149137
190.2402612,32.5708885,23.24573099,21.88297341,0.042,0.007,23.32473099,21.88097341,0.162,0.02,0.751,0.6198,0.000108608,0.000106536,-19.14,91,21.2165,2.019,0,0,21.95697341,0.014,24.387,24.942,23.592,24.441,24.741,25.635,22.38587341,21.96807341,21.87957341,21.82757341,22.2047376,21.65221541,21.70687488,22.07881278,22.27725504,0.18471062,0.10271211,0.10151456,2.2845588,0.22394541,22.2696916,21.79921341,21.75941988,21.66761278,21.78020104,0.084081665,0.028833989,0.07467187,0.18764359,0.08137843,0.001849947
190.338722,32.5745558,24.16444006,22.86688713,0.096,0.013,24.12144006,22.86988713,0.332,0.04,0.751,0.6368,9.49E-05,9.23E-05,-54.65,50,22.0803,1.863,0,0,22.93788713,0.026,24.387,25.197,23.592,24.656,24.741,25.857,23.32168713,22.94598713,22.86318713,23.03618713,23.19466679,22.97739113,22.94306642,20.31547309,21.80605394,0.4524789,0.30513206,0.34046143,0.3742747,0.39132836,23.29453979,22.69555613,22.63152342,21.34053309,22.24918394,0.2731617,0.11383116,0.113186896,0.2124866,0.16813096,0.012931392
190.3072109,32.6268973,24.96097193,23.00010329,0.193,0.015,24.33597193,23.03210329,0.388,0.049,0.751,0.632,0.000104021,0.000101785,86.95,58,22.5386,2.23,0,0,23.07110329,0.032,24.387,25.111,23.592,24.57,24.741,25.694,23.61800329,23.09270329,23.02050329,22.80860329,24.20251234,22.64558729,21.90351385,21.02666883,22.28277183,1.4053477,0.15472746,0.18081151,0.31492013,0.5600199,23.41471434,22.82610029,22.47902785,21.92199383,22.08388883,0.24158265,0.08418268,0.1139061,0.3092084,0.15962943,0.013571186
190.1895347,32.6657651,23.80896493,22.19563856,0.073,0.01,23.58196493,22.19363856,0.211,0.028,0.751,0.6198,0.000109133,0.000100708,61.87,80,21.6544,2.026,0,0,22.26863856,0.02,24.387,24.942,23.592,24.441,24.741,25.635,22.70583856,22.27873856,22.18783856,22.28163856,22.67252608,22.48269556,22.24924668,21.36965042,22.28242069,0.19703393,0.11227381,0.19013804,1.050713,0.6990653,22.58756508,22.26387456,22.02861768,21.38961242,21.74832869,0.11502562,0.06671469,0.06621853,0.27515268,0.093635805,0.021058111
190.1915523,32.6743739,23.89529531,22.43381665,0.079,0.011,24.01129531,22.42381665,0.313,0.032,0.751,0.6198,0.000111879,0.000108895,-76.63,80,22.1548,2.277,0,0,22.50581665,0.022,24.387,24.942,23.592,24.441,24.741,25.635,23.06821665,22.52041665,22.43291665,22.43031665,23.1388285,22.09421265,22.06348105,20.39201812,22.05317413,0.330236,0.15672615,0.09616247,0.43213454,0.18343392,22.8567645,22.26643665,22.28443805,21.54487312,22.03461913,0.18933521,0.08508802,0.09632037,0.17578025,0.15219931,0.000294716
190.2820892,32.7078774,23.02540171,21.78733496,0.035,0.006,22.93640171,21.81033496,0.114,0.019,0.751,0.626,0.000104133,9.90E-05,86.32,81,21.0573,1.858,0,0,21.86333496,0.013,24.387,24.982,23.592,24.341,24.741,25.387,22.22813496,21.87063496,21.80173496,21.83053496,22.60293622,21.98086496,21.75827335,25.04973872,22.04436088,0.15314835,0.073432624,0.10761239,23.755241,0.19763593,22.17865422,21.84840196,21.66662035,21.46547772,21.49364788,0.05257308,0.048463516,0.0522012,0.151594,0.06914565,0.004174114
190.1299142,32.4804239,23.73387957,21.68397542,0.058,0.006,23.47987957,21.69497542,0.167,0.017,0.7808,0.6198,0.000108159,0.00010235,-88.77,90,20.9376,1.911,0,0,21.75297542,0.011,24.547,24.942,23.645,24.441,24.747,25.635,22.15177542,21.76167542,21.67937542,21.67257542,22.62025699,21.85636542,21.20668749,21.3515977,21.34586142,0.06952724,0.058015652,0.07347911,0.3123174,0.14093666,22.36020799,21.70812142,21.34572749,20.9886727,21.29891542,0.06314651,0.030443164,0.055809636,0.13848431,0.05237114,0.001187763
190.0516346,32.5809379,22.30806056,20.98345585,0.016,0.004,22.24606056,20.99845585,0.056,0.012,0.7808,0.6675,0.000113126,0.000110997,42.63,115,20.4026,2.006,0,0,21.07345585,0.008,24.547,24.703,23.645,24.115,24.747,25.259,21.49835585,21.08365585,20.99725585,20.97935585,21.69112643,21.05961185,21.06036376,20.89743847,20.6553475,0.06619845,0.045612507,0.047224186,0.30279458,0.10146902,21.41432243,20.96476085,20.94415076,20.79285347,20.8436255,0.03583906,0.025406867,0.048767608,0.09927692,0.04971462,0.000202084
190.1517512,32.6153573,21.67511267,20.26810107,0.009,0.002,21.71611267,20.26710107,0.034,0.005,0.7808,0.6198,0.000118506,0.000115577,-72.37,174,19.5931,1.918,0,0,20.34010107,0.004,24.547,24.942,23.645,24.441,24.747,25.635,20.72910107,20.35070107,20.25240107,20.22490107,20.78581262,20.39512707,20.22093554,20.30474576,20.27618687,0.058670957,0.03594763,0.04154301,0.16191725,0.079238616,20.67873462,20.29036607,20.13452254,20.10496376,20.11795487,0.035926927,0.016256668,0.012830293,0.041884627,0.033076588,0.009391089
190.0465388,32.6808534,22.61742831,20.62081026,0.021,0.003,22.66042831,20.61981026,0.078,0.009,0.7808,0.6675,0.000123404,0.000115377,-86.11,148,20.0492,2.081,0,0,20.71181026,0.006,24.547,24.703,23.645,24.115,24.747,25.259,21.17431026,20.72471026,20.61211026,20.55531026,21.34754876,20.80913326,20.58023985,20.1574791,20.37007886,0.064684756,0.043947052,0.048294038,0.14727944,0.050647605,21.15695876,20.66441726,20.45356385,20.2495881,20.27934786,0.027194232,0.022343095,0.018483242,0.05900298,0.038571402,0.166840225
190.0711742,32.7172916,23.6452417,22.00232679,0.053,0.007,23.5862417,22.00132679,0.183,0.022,0.7808,0.6198,0.00010873,0.000100966,85.22,88,21.3178,1.929,0,0,22.07132679,0.015,24.547,24.942,23.645,24.441,24.747,25.635,22.47922679,22.08192679,21.98192679,22.02172679,22.64066693,22.63338079,22.10662247,21.2908229,21.7932331,0.16490643,0.2892343,0.15836866,1.0598611,0.21783635,22.45443193,22.16744979,21.85621447,21.6952699,21.6233351,0.069159724,0.08574192,0.09630595,0.35354927,0.14171304,0.008541994
190.3310689,32.719508,22.3661238,20.38902899,0.017,0.002,22.2861238,20.38802899,0.056,0.005,0.7786,0.6368,0.000124724,0.000117586,-73.62,184,19.8003,2.047,0,0,20.46302899,0.004,24.541,25.197,23.616,24.656,24.7,25.857,20.90202899,20.47532899,20.37572899,20.34172899,21.0220269,20.49167899,20.31024782,19.98545286,20.19227029,0.048797194,0.033454724,0.036025904,0.06481096,0.0572178,20.9220369,20.40661299,20.19074582,19.97718886,20.04701329,0.017275268,0.01222113,0.019209988,0.03506141,0.013330181,0.154800636
190.3354099,32.7362138,23.23981256,21.37478313,0.037,0.004,23.45381256,21.37478313,0.162,0.011,0.7786,0.6368,0.000115984,0.000108747,-86.77,114,20.8067,2.019,0,0,21.44878313,0.008,24.541,25.197,23.616,24.656,24.7,25.857,21.88358313,21.45898313,21.36718313,21.34768313,22.247422,21.58254413,21.15524572,20.83815228,21.54469066,0.14124806,0.09313584,0.10387127,0.19861166,0.16167651,22.051961,21.45674313,21.19900572,20.58962328,21.12740466,0.059734106,0.048598394,0.040039647,0.09806089,0.09768285,0.237771681
190.3982229,32.4225882,22.52300014,21.1041034,0.019,0.003,22.53700014,21.1021034,0.069,0.01,0.7507,0.6474,0.000115259,0.000114552,-80.49,132,20.6244,2.077,0,0,21.1851034,0.007,24.551,25.051,23.626,24.497,24.815,25.655,21.6396034,21.1985034,21.0957034,21.0982034,21.7529273,21.0666474,21.07725802,20.62492057,20.7031516,0.092305586,0.06272236,0.07731211,0.19567573,0.12997414,21.6193703,21.0116814,20.84575302,20.77701757,20.7951826,0.0683716,0.028869659,0.036398552,0.13385494,0.07516772,0.234472484
190.3165834,32.4494252,21.61399718,19.81203127,0.008,0.001,21.62199718,19.81603127,0.028,0.002,0.7507,0.6285,0.000125894,0.00012064,-83.67,253,19.1636,1.966,0,0,19.89003127,0.002,24.551,25.304,23.626,24.663,24.815,25.765,20.29223127,19.90123127,19.80223127,19.77943127,20.49518812,19.95661127,19.80782072,19.6087388,19.80345814,0.028909022,0.018863095,0.017908456,0.06606582,0.037450686,20.31998912,19.84321527,19.67422772,19.4658188,19.62708514,0.018831903,0.010803223,0.010408071,0.026520366,0.01813201,0.04703514
190.2948701,32.4522951,22.78161834,21.25498323,0.023,0.003,22.81861834,21.26298323,0.082,0.009,0.7507,0.6285,0.000114742,0.000113041,-67.14,134,20.6996,1.952,0,0,21.33198323,0.006,24.551,25.304,23.626,24.663,24.815,25.765,21.74198323,21.34298323,21.26128323,21.27488323,21.9466177,21.23759823,21.062125,21.37807126,21.25341306,0.06863077,0.059483703,0.06815671,0.2340699,0.09407834,21.6772967,21.21878323,21.082656,21.03481726,21.05187106,0.03924177,0.04005978,0.025028905,0.096829966,0.07891359,0.103042456
190.5938782,32.3078335,23.14604374,21.91252487,0.043,0.007,22.90004374,21.93652487,0.12,0.023,0.7254,0.6234,0.000102471,9.88E-05,65.77,74,21.2372,1.846,0,0,21.97552487,0.015,24.198,24.989,23.364,24.459,24.585,25.651,22.34972487,21.98012487,21.94502487,22.10432487,22.39297572,22.16612487,22.03898036,,22.20090738,0.20271681,0.08907702,0.13150673,-4.157189,0.28544465,22.42260472,21.92099487,21.72126836,21.14213094,21.93568138,0.06573345,0.056649044,0.06018137,0.13672638,0.07352809,0.375175168
190.0444105,32.2661009,24.41750396,22.88415583,0.096,0.017,24.31150396,22.86915583,0.307,0.055,0.7386,0.6451,0.000106124,0.00010142,59.34,60,22.6679,2.375,0,0,22.95815583,0.035,24.676,24.939,23.751,24.384,24.938,25.61,23.54905583,22.97465583,22.86885583,22.83425583,22.91685874,23.02855583,23.69763791,20.85301645,23.05580466,0.6486845,0.30661693,0.8982991,0.31622908,0.9671827,23.67437374,23.02074083,22.76112291,21.34424945,22.51566266,0.250145,0.113716826,0.10927651,0.089215964,0.22802669,0.04223611
190.0093173,32.3619058,24.0197131,22.62496377,0.066,0.016,23.9927131,22.59796377,0.225,0.047,0.7386,0.633,0.000108049,9.99E-05,34.6,63,22.2615,2.363,0,0,22.70396377,0.032,24.676,24.719,23.751,24.193,24.938,25.348,23.30476377,22.72056377,22.57926377,22.50196377,23.50170166,22.55882177,22.6747772,20.52500925,22.13803771,0.48742315,0.1444288,0.5597458,0.51860243,0.08316816,23.15299366,22.59332777,22.6027312,21.24202725,22.13932471,0.09775066,0.0700643,0.15517083,0.16291817,0.09171188,0.000273956
190.0783225,32.371819,22.61982851,21.28248694,0.018,0.004,22.64682851,21.28648694,0.064,0.012,0.7386,0.6451,0.000110407,0.000108369,77.73,104,20.6115,1.971,0,0,21.35748694,0.008,24.676,24.939,23.751,24.384,24.938,25.61,21.77438694,21.36718694,21.28068694,21.28528694,21.5379164,21.32668594,21.28454086,20.76624013,21.15896415,0.0391584,0.053901706,0.07332228,0.21453145,0.11946921,21.6575024,21.25742794,21.07905286,20.68174813,21.10362315,0.038160454,0.0338513,0.03367766,0.069436446,0.09009128,0.057481855
190.0116656,32.4912369,23.10257145,21.83588742,0.029,0.007,23.03957145,21.83988742,0.097,0.02,0.751,0.6198,0.000107157,0.000101747,-66.39,83,21.1665,1.896,0,0,21.90688742,0.014,24.672,24.942,23.747,24.441,24.924,25.635,22.29228742,21.91658742,21.82668742,21.78298742,22.46717829,21.89555642,21.5500083,20.98348036,21.36207251,0.11899359,0.09266459,0.15596165,0.5234495,0.15833288,22.24164229,21.76114342,21.7187533,21.25802236,21.77873451,0.09144231,0.043856237,0.09251053,0.16303846,0.08821687,0.001964925
190.0914281,32.5219705,22.42519691,20.55406839,0.015,0.002,22.43319691,20.55706839,0.054,0.007,0.751,0.6198,0.000115899,0.000110311,-72.36,148,19.8444,1.881,0,0,20.62506839,0.005,24.672,24.942,23.747,24.441,24.924,25.635,21.00566839,20.63476839,20.54596839,20.52696839,21.33391887,20.73449239,20.45242712,20.14421138,20.37337207,0.063351884,0.04171398,0.04391921,0.08195492,0.054761153,21.15811487,20.62071139,20.35685012,20.09471538,20.22226507,0.028887555,0.031089257,0.020355862,0.058757003,0.024233721,0.236135792
190.1041189,32.5257386,23.52156676,22.19072872,0.042,0.009,23.70756676,22.21172872,0.178,0.027,0.751,0.6198,0.000103811,9.90E-05,88.67,72,21.5651,1.937,0,0,22.25372872,0.018,24.672,24.942,23.747,24.441,24.924,25.635,22.67232872,22.26002872,22.18012872,22.02222872,23.36967286,22.83247272,22.0338848,21.01727873,21.77639332,0.50820893,0.29379115,0.10338745,0.5412251,0.305565,22.72173886,22.31600672,21.9486848,21.49718673,21.99149432,0.13548519,0.06868098,0.06403824,0.17403615,0.09086146,0.060835114
190.1010151,32.4456032,24.03139471,22.70579215,0.061,0.012,23.84139471,22.73579215,0.179,0.037,0.7386,0.6227,0.00010281,9.42E-05,-78.31,66,22.0429,1.839,0,0,22.77079215,0.024,24.774,25.076,23.849,24.435,24.964,25.531,23.16939215,22.77639215,22.75259215,22.70029215,23.91754858,22.78893615,22.7839803,20.70323458,21.84666985,0.5593296,0.197544,0.2780396,0.5673948,0.4420043,23.25991758,22.59817415,22.7062003,21.46148858,22.11208985,0.21190304,0.11086585,0.11865898,0.32877114,0.26413718,4.83E-07
190.1482136,32.4340216,22.2667397,20.63143906,0.014,0.002,22.2797397,20.63343906,0.048,0.007,0.759,0.6451,0.000118579,0.00011452,89.8,149,20.0112,2.023,0,0,20.70843906,0.005,24.673,24.939,23.748,24.384,24.863,25.61,21.13523906,20.72123906,20.62623906,20.59843906,21.20387719,20.77792206,20.61175969,20.50545563,20.59337669,0.03822011,0.028206008,0.03321719,0.14340077,0.06542162,21.14061719,20.67627806,20.46590469,20.30349563,20.35493369,0.03201704,0.017852485,0.014179304,0.06761651,0.025707701,0.316055544
190.0134206,32.2785908,22.76970069,21.159879,0.023,0.004,22.71970069,21.160879,0.078,0.011,0.7366,0.6451,0.000112594,0.000106542,89.32,107,20.4932,1.966,0,0,21.235879,0.007,24.567,24.939,23.735,24.384,24.907,25.61,21.652979,21.244179,21.151379,21.108879,21.8569876,21.350774,21.19091969,20.79098438,21.15616412,0.090828516,0.04108717,0.05741922,0.18841287,0.09813488,21.6568446,21.187025,21.03011669,20.80629138,20.88884112,0.03280692,0.027947184,0.045756135,0.1298714,0.050762024,0.20760051
190.2981215,32.7370952,22.99309983,21.58401607,0.029,0.004,22.92109983,21.56901607,0.096,0.013,0.7626,0.632,0.000115639,0.000111987,54.55,114,20.9442,2.017,0,0,21.66601607,0.009,24.544,25.111,23.619,24.57,24.734,25.694,22.09111607,21.67761607,21.55051607,21.51481607,22.18815023,21.59922507,21.59308687,21.54235479,21.20371415,0.13626462,0.0861024,0.13245839,0.9264893,0.23053716,22.08840723,21.61209407,21.36059587,21.08302479,21.39734015,0.04814058,0.029626096,0.055149995,0.15638937,0.09703304,0.68909454
190.1076677,32.3213383,23.50828492,21.48319393,0.054,0.005,23.82128492,21.48919393,0.245,0.014,0.7248,0.6451,0.000113651,0.000107947,38.48,103,20.9135,1.956,0,3,21.55619393,0.01,24.415,24.939,23.49,24.384,24.605,25.61,21.97819393,21.56499393,21.47409393,21.37789393,22.04067284,21.54073693,21.15198586,19.96736741,21.09287919,0.099879004,0.103298664,0.044800784,0.12680052,0.070400506,22.07852084,21.41136693,21.23861186,20.98933441,21.19338119,0.044698786,0.053603448,0.027964234,0.12474263,0.06834128,0.038202035
190.2906525,32.6548359,23.04420801,21.60976959,0.055,0.005,22.95620801,21.61676959,0.163,0.014,0.7088,0.632,0.000117352,0.000106663,71.88,111,21.034,2.007,0,0,21.68776959,0.01,23.824,25.111,22.899,24.57,24.014,25.694,22.11526959,21.69966959,21.60936959,21.57926959,22.19645048,21.82695959,21.61765945,21.335467,21.48232012,0.09391863,0.091713004,0.08498536,0.25249004,0.1430037,22.11993548,21.62297059,21.40065445,21.1235,21.36298012,0.051927414,0.05471287,0.031280734,0.11890784,0.14582881,0.732143451
190.2923441,32.40413,24.33750758,23.02492352,0.12,0.015,24.10250758,23.06692352,0.328,0.048,0.731,0.6438,9.59E-05,9.19E-05,41.69,51,22.4362,1.933,0,0,23.09092352,0.03,24.41,25.19,23.485,24.634,24.6,25.688,23.49252352,23.09812352,23.06152352,22.69762352,23.5147174,21.89762352,21.78380164,20.5474162,21.88657405,0.470515,0.09847557,0.18195476,0.21048798,0.35427126,23.0223124,22.65969752,22.40142964,21.4974492,22.31784605,0.11328415,0.14594302,0.06511003,0.16465344,0.17608646,0.043431973
190.1618695,32.4096242,22.12570915,20.7844226,0.013,0.003,22.16770915,20.7894226,0.048,0.008,0.756,0.6451,0.000118861,0.000114146,-61.33,142,20.2407,2.012,0,0,20.8594226,0.006,24.563,24.939,23.638,24.384,24.753,25.61,21.2951226,20.8690226,20.7791226,20.7718226,21.21163339,20.8426086,20.69190428,20.60023789,20.87012559,0.041522585,0.051437333,0.05047503,0.16380778,0.10070331,21.17504439,20.7212426,20.59231228,20.45518589,20.62297759,0.030802518,0.022608155,0.027760964,0.097029924,0.043796863,0.035662935
190.0290744,32.225817,23.01578794,21.18869178,0.03,0.004,22.99278794,21.16969178,0.101,0.011,0.7366,0.6451,0.000122267,0.000114787,80.23,134,20.645,2.045,0,0,21.26869178,0.008,24.567,24.939,23.735,24.384,24.907,25.61,21.68649178,21.28039178,21.15309178,21.14439178,22.19684043,21.42162478,21.07485065,20.66355432,21.21434243,0.092469946,0.039795898,0.061814252,0.13691902,0.16015825,21.97552943,21.28450178,20.96589365,20.62637432,20.85344143,0.05933107,0.026975598,0.026519718,0.08791111,0.063196436,0.002654177
190.0524115,32.1857388,23.27469636,21.82348624,0.038,0.006,23.29869636,21.80548624,0.132,0.018,0.7235,0.6595,0.000119923,0.000108769,-46.83,110,21.243,2.032,0,0,21.90148624,0.012,24.555,25.073,23.63,24.502,24.754,25.633,22.34488624,21.91208624,21.78148624,21.68858624,22.5032443,21.90672724,21.7356567,20.81581067,22.17962135,0.1395951,0.11303682,0.0867119,0.15469983,0.32240638,22.3610403,21.85674924,21.6218527,21.02624767,21.85757535,0.06911195,0.061664622,0.06175105,0.14738435,0.11057049,0.8333039
190.075967,32.1911248,21.07772374,19.79196196,0.006,0.001,21.08672374,19.78996196,0.018,0.003,0.7235,0.6451,0.000125644,0.000120637,-82.85,218,19.1866,1.995,0,0,19.86896196,0.003,24.555,24.939,23.63,24.384,24.754,25.61,20.28306196,19.88026196,19.77936196,19.75666196,20.28571644,19.90468196,19.77547549,19.85770524,19.84138756,0.027981428,0.02716143,0.020671783,0.11921489,0.051186483,20.18483444,19.80066796,19.67084249,19.61057424,19.65904456,0.01922655,0.014026913,0.010889455,0.053953387,0.020008698,0.001058641
190.0451384,32.1449464,24.30835326,22.26884034,0.089,0.008,24.08235326,22.25684034,0.254,0.027,0.7386,0.6595,0.000109637,0.000102792,-41.93,80,21.6961,2.05,0,0,22.35384034,0.017,24.676,25.073,23.751,24.502,24.938,25.633,22.78394034,22.36804034,22.22954034,22.14924034,22.97146815,22.34775034,22.05668101,20.0428351,21.73940007,0.16921417,0.20470418,0.10216173,0.24064854,0.12640025,22.74232415,22.24033334,22.01846401,21.3757241,21.78851307,0.10176894,0.11810816,0.055898465,0.1979731,0.07796007,0.307950668
190.04099,32.1669384,23.6265554,22.2499493,0.048,0.01,23.6185554,22.2699493,0.166,0.031,0.7386,0.6694,0.000107615,0.000103327,88.91,79,21.706,2.044,0,0,22.3359493,0.02,24.676,24.952,23.751,24.363,24.938,25.573,22.7797493,22.3475493,22.2570493,22.1284493,22.45280166,22.0590273,22.0862695,21.03030732,23.7336513,0.20136252,0.120299965,0.11276034,0.6703742,2.5006936,22.58048366,22.2165413,22.0412965,21.09100932,22.1774393,0.17277114,0.054948393,0.05457848,0.1503421,0.12926741,0.020636243
190.0554162,32.2044201,22.88562124,21.18744574,0.031,0.005,22.82162124,21.18044574,0.103,0.014,0.735,0.6675,0.000119797,0.000109371,-57.03,118,20.6778,2.069,0,0,21.27844574,0.01,24.393,24.703,23.468,24.115,24.583,25.259,21.73384574,21.28964574,21.16844574,21.15154574,21.73676676,21.14138274,21.15210964,20.87267464,20.43923997,0.072827786,0.07343027,0.06231866,0.1344996,0.10114445,21.69021376,21.18161974,20.99892664,20.63405764,20.78111197,0.056365274,0.040236775,0.02455136,0.061609168,0.07089201,0.48553655
190.9609159,32.5149344,21.71969006,20.09487327,0.013,0.002,21.76069006,20.09387327,0.042,0.004,0.7603,0.5882,0.000116564,0.000113992,-4.53,189,19.2785,1.838,0,0,20.15287327,0.004,24.392,24.983,23.622,24.536,24.857,25.712,20.50297327,20.16227327,20.07597327,20.03797327,20.72970132,20.12809327,19.99949772,20.24154569,20.07426295,0.075746164,0.032717746,0.04605485,0.15525109,0.05511234,20.57303732,20.07474827,19.88691472,19.98727869,19.89162495,0.03479058,0.009515695,0.020139499,0.0636658,0.036003776,0.16651505
190.9864204,32.5897076,24.42122562,22.63262292,0.126,0.013,24.45122562,22.61362292,0.47,0.036,0.7603,0.5882,9.75E-05,9.64E-05,-7.9,56,21.9716,1.939,0,0,22.69162292,0.026,24.392,24.983,23.622,24.536,24.857,25.712,23.11522292,22.70182292,22.56242292,22.34612292,23.70738544,22.18286292,22.47919228,20.87194202,22.40730858,1.712436,0.14426163,0.22922234,0.41114664,0.9240186,23.07467044,22.43218692,22.34674928,21.45905602,22.37796858,0.19858776,0.12428847,0.10563184,0.13302833,0.18702987,0.029888507
190.9111535,32.6198428,22.43537719,21.01016557,0.02,0.003,22.45037719,21.00216557,0.073,0.009,0.7603,0.5882,0.000113534,0.00010598,-45.98,122,20.2617,1.846,0,0,21.07016557,0.007,24.392,24.983,23.622,24.536,24.857,25.712,21.43036557,21.08046557,20.98566557,20.99966557,21.36897534,21.22162557,20.98613044,21.07431706,21.07997179,0.14444104,0.049121283,0.066548645,0.3534215,0.1538042,21.37952634,21.08554557,20.87774244,20.65578206,20.82029979,0.083930135,0.037626505,0.02489243,0.14296591,0.06871283,0.002031116
190.9689976,32.7200743,22.25987753,20.91497432,0.017,0.003,22.24687753,20.91797432,0.061,0.009,0.7603,0.5814,0.000108302,0.000104624,-3.12,110,20.0135,1.782,0,0,20.96997432,0.007,24.392,24.796,23.622,24.358,24.857,25.494,21.31007432,20.97977432,20.90707432,20.88337432,21.5077264,21.17096632,21.05837473,21.29923819,20.89481281,0.12292242,0.043358687,0.03762748,0.32888967,0.09078671,21.3595564,20.98975932,20.83504173,20.77773119,20.76002581,0.04405447,0.01951818,0.018228464,0.09746873,0.04921112,0.008383876
191.0428148,32.7238953,22.84959208,21.05889853,0.029,0.004,22.93259208,21.06989853,0.112,0.011,0.7603,0.5632,0.000103019,0.000100759,58.6,97,20.197,1.7,0,0,21.11089853,0.009,24.392,24.681,23.622,24.009,24.857,25.323,21.41699853,21.11859853,21.04429853,21.02699853,21.78355137,21.25288053,21.144041,20.32522759,20.89500666,0.06674559,0.045815732,0.061043497,0.24572329,0.0903088,21.59741137,21.06205253,20.986733,20.37697159,20.89601366,0.044696733,0.025304362,0.033237465,0.10116364,0.07489823,0.025079267
191.0371653,32.7334512,24.77095711,22.9820953,0.17,0.019,24.25195711,23.0250953,0.377,0.056,0.7603,0.5882,9.74E-05,9.20E-05,-89.63,54,22.2753,1.898,0,0,23.0290953,0.04,24.392,24.983,23.622,24.536,24.857,25.712,23.4490953,23.0368953,22.9959953,23.0801953,23.43851379,22.6960493,22.66044332,,23.41442241,0.3092865,0.1931648,0.19470544,-3.3434675,1.6861454,23.40042979,23.0493783,22.61450632,21.74689007,22.58767641,0.16652134,0.15297373,0.10867094,0.1866791,0.1504108,0.002271755
190.7570602,32.256231,22.99816305,21.75666727,0.034,0.006,23.10116305,21.76866727,0.131,0.018,0.7274,0.6234,0.000110675,0.000103784,-18.29,100,21.1106,1.925,0,0,21.82066727,0.012,24.395,24.989,23.581,24.459,24.722,25.651,22.21416727,21.83276727,21.76526727,21.74896727,22.39272507,21.92778027,21.70768979,21.01842489,21.05762783,0.0880786,0.07518909,0.104877494,0.2908714,0.12899025,22.15795407,21.74576927,21.62897079,21.06614089,21.48670483,0.061067365,0.043609995,0.055050828,0.11302072,0.13521981,0.009232227
190.8622925,32.3460057,21.6236057,19.80728875,0.01,0.002,21.6166057,19.81228875,0.034,0.004,0.7274,0.6086,0.000115462,0.0001135,-73.65,173,19.0692,1.867,0,0,19.86928875,0.003,24.395,24.667,23.581,24.2,24.722,25.365,20.24658875,19.87898875,19.80178875,19.80608875,20.3677324,19.90701175,19.69274578,19.55841895,19.57115587,0.04424262,0.015838353,0.015960494,0.07402391,0.029523384,20.3348544,19.83831075,19.57975878,19.37026495,19.48241187,0.035323676,0.010266705,0.009535811,0.022019634,0.011190595,0.109075439
190.7618302,32.3699026,23.05057456,21.60865484,0.036,0.005,23.22257456,21.60665484,0.146,0.016,0.7274,0.6234,0.000110291,0.000104129,-76.47,98,20.9586,1.939,0,0,21.67665484,0.011,24.395,24.989,23.581,24.459,24.722,25.651,22.06055484,21.68815484,21.59175484,21.57625484,22.16251656,21.69670984,21.61172284,21.26538598,21.97876275,0.103091665,0.06931429,0.110144384,0.2957883,0.27756655,22.15785856,21.58713284,21.43245884,21.27943498,21.41533175,0.054901917,0.033056132,0.04411926,0.11723569,0.090945534,0.365364642
191.1018932,32.6113868,21.58761803,20.31099061,0.008,0.002,21.58761803,20.30799061,0.026,0.005,0.7504,0.5882,0.000117942,0.000113607,-51.17,171,19.6032,1.91,0,0,20.36999061,0.004,24.658,24.983,23.733,24.536,24.984,25.712,20.75179061,20.38019061,20.29319061,20.28099061,20.79405997,20.40048761,20.26298657,19.88583789,20.17345628,0.035552785,0.022610854,0.039879058,0.077805534,0.04171781,20.68884697,20.30092761,20.13885057,20.05858089,20.13484728,0.015276887,0.012857038,0.02491908,0.042897046,0.0328851,0.007939039
190.6949113,32.251184,24.36665082,22.6699302,0.119,0.013,24.60965082,22.6689302,0.517,0.04,0.7274,0.6234,0.000107037,0.000101506,9.12,69,22.2782,2.179,0,0,22.7319302,0.027,24.417,24.989,23.698,24.459,24.944,25.651,23.2624302,22.7425302,22.6676302,22.7741302,22.80445914,23.2874032,22.42719594,,22.42563716,0.38506502,0.60283285,0.21223873,-17.130203,0.33959058,23.34876914,22.6134222,22.46487694,22.12651247,22.07920716,0.31145898,0.080500305,0.14380956,0.5419856,0.11382132,0.007022394
190.6894252,32.2896815,23.97251408,22.56731745,0.082,0.015,24.23051408,22.51631745,0.367,0.044,0.7274,0.6342,0.000107549,0.000102014,58.83,60,22.1872,2.375,2,0,22.65331745,0.031,24.417,24.753,23.698,24.211,24.944,25.401,23.22791745,22.67361745,22.47641745,22.36051745,22.90517139,22.56883345,22.23405044,21.43704846,22.00888247,0.25810465,0.16921113,0.16896908,0.7968604,0.21584463,22.81920239,22.42954045,22.27386644,21.71732446,21.97660847,0.14070545,0.07814697,0.10628833,0.25402194,0.13997343,0.015971631
190.6931651,32.3508764,23.99221513,22.45500014,0.077,0.014,23.74221513,22.42600014,0.214,0.041,0.7274,0.6086,0.000102771,0.000101097,-53,65,21.8042,2.069,2,0,22.52200014,0.029,24.417,24.667,23.698,24.2,24.944,25.365,22.96510014,22.53350014,22.38800014,22.26390014,23.20890768,22.48222014,22.29444605,21.03407028,22.59139561,0.26986057,0.16349652,0.18228914,0.5886211,0.52180165,22.96961768,22.53812714,22.07802205,21.19499328,21.88108961,0.11125671,0.08749593,0.07851932,0.12306791,0.098607294,0.002180829
190.9146924,32.5363059,21.41455014,19.80318072,0.01,0.002,21.37355014,19.80718072,0.035,0.005,0.8016,0.4931,0.000108787,0.000103826,7.8,130,18.8966,1.757,0,0,19.83518072,0.005,24.142,24.325,23.281,23.684,24.32,25.006,20.14648072,19.84208072,19.77968072,19.74548072,20.44028472,19.94780572,19.82747616,19.68559715,19.73141242,0.035991285,0.014314541,0.031603884,0.07851772,0.038644157,20.32897872,19.85654672,19.69447516,19.58097915,19.62278342,0.026268294,0.010742559,0.016265064,0.03436662,0.017818028,0.036574264
191.0891319,32.3962421,23.00565382,21.53662703,0.026,0.005,22.98665382,21.51962703,0.088,0.015,0.7235,0.6454,0.000111761,0.000106279,84.88,102,20.8905,1.988,0,0,21.61162703,0.011,24.666,24.975,23.741,24.404,24.87,25.6,22.02192703,21.62282703,21.50722703,21.51352703,22.35648044,21.79664203,21.55850025,21.12645804,21.82822479,0.124873735,0.074146196,0.093789786,0.30015853,0.16457283,22.11903644,21.55240603,21.40902525,21.02383904,21.41231379,0.042607307,0.044901747,0.051415283,0.11521486,0.09356863,0.309630728
191.0551045,32.3991301,22.63670876,21.36565664,0.018,0.004,22.65870876,21.38965664,0.063,0.013,0.7235,0.6349,0.000110568,0.000104904,-67.37,100,20.7753,1.98,0,0,21.44165664,0.009,24.666,25.105,23.741,24.565,24.87,25.692,21.86815664,21.45265664,21.40315664,21.38255664,22.17097025,21.59882664,21.50160876,19.34754096,21.42753516,0.1311474,0.12183804,0.093066566,0.27812228,0.32551214,21.86268425,21.43316564,21.28847676,21.27532796,20.93566316,0.03784245,0.06851297,0.039016988,0.22925086,0.086707704,0.040481629
190.9910901,32.6557582,24.62489275,22.83344348,0.18,0.015,24.69689275,22.80144348,0.67,0.043,0.7392,0.5882,0.000106053,9.64E-05,71.19,60,22.3428,2.13,0,0,22.89844348,0.032,24.164,24.983,23.239,24.536,24.532,25.712,23.38984348,22.91744348,22.85644348,23.35064348,22.98980306,23.13645348,22.53324197,19.59819068,21.49281939,0.3095821,0.11409231,0.3263651,0.16154492,0.29553622,23.26025206,22.99268048,22.44233197,20.92096368,22.03061639,0.2312614,0.101249605,0.1261416,0.040150836,0.32580778,7.52E-07
191.0677142,32.4584447,22.54802098,20.64620782,0.016,0.002,22.51802098,20.65620782,0.054,0.006,0.735,0.6182,0.000115361,0.000111648,-6.99,146,19.9079,1.89,0,0,20.71820782,0.004,24.763,25.092,23.838,24.451,25.122,25.655,21.09610782,20.72760782,20.64050782,20.61770782,21.13301595,20.77203482,20.33623204,20.03817898,20.22963334,0.066965885,0.039518293,0.034910794,0.07712316,0.05293599,20.92887395,20.56050082,20.23031504,19.84610898,20.10595734,0.042726852,0.030491838,0.01825749,0.042377625,0.027922109,0.030813793
190.9747794,32.415428,24.36476433,22.77022564,0.096,0.015,24.08476433,22.72122564,0.253,0.043,0.7184,0.6234,0.000115707,0.000106936,-33.07,75,22.4378,2.335,0,0,22.85022564,0.031,24.669,24.989,23.744,24.459,24.859,25.651,23.38442564,22.87362564,22.69342564,22.75852564,25.03779274,22.98890264,22.24458595,21.2489524,22.19519266,3.6613863,0.34004512,0.29768404,0.67293346,0.58170897,23.29196574,22.60162264,22.38840295,21.6603604,22.06247266,0.19245033,0.1635581,0.14434728,0.18493967,0.27631778,0.022910627
191.0843411,32.5329151,24.26601173,22.95312475,0.098,0.017,23.84901173,22.94912475,0.242,0.05,0.7792,0.5882,9.50E-05,8.76E-05,-64.87,50,22.0487,1.752,0,0,23.00612475,0.035,24.532,24.983,23.607,24.536,24.722,25.712,23.34062475,23.01372475,23.00072475,22.95822475,23.12605135,22.71511075,22.69132072,19.98213891,22.05630669,0.39043438,0.19338228,0.15402818,0.5719574,0.1788531,23.18828435,22.77280575,22.52625672,21.74071391,22.17880269,0.18619946,0.13280822,0.10325994,0.2475274,0.1340439,0.152377712
191.0955588,32.5982719,21.9636419,20.48300347,0.012,0.002,21.9686419,20.47900347,0.041,0.006,0.7792,0.5882,0.000116551,0.000114478,-51.19,158,19.8184,1.94,0,0,20.54000347,0.005,24.532,24.983,23.607,24.536,24.722,25.712,20.93530347,20.55020347,20.45970347,20.43030347,21.18344657,20.56699347,20.33853948,20.29019593,20.31253939,0.06830704,0.027920658,0.032779373,0.1328801,0.069702856,20.96242357,20.44496647,20.20500048,20.02493693,20.21608239,0.03275805,0.008819013,0.014775292,0.07695875,0.020347714,0.37508049
191.0873391,32.664964,23.76651516,22.01485707,0.057,0.008,23.52851516,22.00985707,0.165,0.022,0.7792,0.5882,0.000106301,9.96E-05,-54.46,78,21.4442,1.953,0,0,22.07585707,0.017,24.532,24.983,23.607,24.536,24.722,25.712,22.48165707,22.08515707,22.01255707,22.01145707,22.35201243,22.16003307,21.80429628,21.0846441,22.02545274,0.1564273,0.12064843,0.1295555,0.37546822,0.18553413,22.60421043,22.01092107,21.75150628,21.4077891,21.57199174,0.10893183,0.06142272,0.062451128,0.22282837,0.0884737,0.342111362
190.8950599,32.3095918,22.72669538,21.01195422,0.032,0.003,22.75569538,21.01995422,0.107,0.009,0.6845,0.6234,0.000112676,0.000108359,68.91,122,20.3216,1.903,0,0,21.07795422,0.006,24.198,24.989,23.273,24.459,24.595,25.651,21.45865422,21.08815422,21.00965422,21.00255422,21.67179486,21.05854322,20.95069558,20.63386476,21.12983643,0.12792234,0.049245145,0.051640473,0.18055676,0.20096514,21.55947986,20.96400522,20.81053758,20.72515976,20.64982443,0.055358957,0.036615152,0.02792523,0.11652371,0.071242765,0.233225814
191.0140264,32.4837212,22.34726043,21.00979785,0.016,0.003,22.40526043,21.00579785,0.057,0.009,0.72,0.5882,0.000112452,0.000107236,-22.95,124,20.3172,1.856,0,0,21.06879785,0.007,24.542,24.983,23.617,24.536,24.732,25.712,21.43479785,21.07889785,20.99919785,20.98129785,21.56494133,21.15708885,20.96409903,21.00085728,20.80398574,0.10041527,0.08049465,0.048553083,0.2713152,0.05558088,21.37037333,21.01305585,20.87996103,20.61257228,20.86313074,0.038876493,0.028332977,0.03426847,0.0747728,0.044241447,0.002444115
190.7341491,32.2778748,23.07509543,21.49009177,0.031,0.005,23.02009543,21.50609177,0.101,0.014,0.7203,0.6234,0.000108526,0.000103746,-37.37,96,20.7888,1.918,0,0,21.55509177,0.01,24.556,24.989,23.631,24.459,24.897,25.651,21.93739177,21.56539177,21.48169177,21.46179177,22.17544818,21.64431977,21.5271621,21.31563539,22.03734473,0.12952465,0.0754372,0.09740274,0.253176,0.22837146,21.95790718,21.48204177,21.3615931,21.13098239,21.47631173,0.056140874,0.054555275,0.046371404,0.12563188,0.101994805,0.095514364
190.7020781,32.3172639,22.93426772,21.53410656,0.035,0.005,23.04126772,21.50910656,0.135,0.014,0.7254,0.6234,0.000124687,0.00011387,-68.68,121,21.03,2.137,0,0,21.60610656,0.01,24.198,24.989,23.364,24.459,24.585,25.651,22.07840656,21.62070656,21.48390656,21.46450656,22.14620304,21.73790656,21.37419956,21.62656932,21.16414117,0.14343177,0.097085774,0.08969406,0.30790678,0.13163783,22.01967504,21.63910856,21.41155656,21.31328032,21.25294117,0.0727645,0.056348465,0.040343497,0.12928122,0.08683584,0.090948365
190.7454159,32.3786861,23.81924891,22.0664793,0.093,0.008,24.88324891,22.0684793,0.837,0.024,0.728,0.6234,0.000106889,0.000103716,-9.85,84,21.4575,1.932,0,0,22.1314793,0.016,24.161,24.989,23.236,24.459,24.351,25.651,22.5414793,22.1408793,22.0597793,22.0489793,22.68902281,22.3318913,21.94719123,20.67928747,21.21189572,0.14677526,0.11912392,0.13759254,0.3533151,0.27186856,22.64813681,22.1378033,21.87174023,21.34668747,21.77920872,0.067732565,0.06593792,0.03276424,0.16897146,0.16507377,0.79502998
190.3838029,32.1243048,23.92601918,21.97935547,0.077,0.006,23.87901918,21.97235547,0.259,0.019,0.7274,0.6707,0.000111994,0.000107303,88.47,92,21.4482,2.068,1,3,22.07135547,0.012,24.417,25.161,23.698,24.52,24.944,25.566,22.53305547,22.08405547,21.96685547,21.83965547,22.44826581,22.19402047,22.10240244,21.19302527,22.87290328,0.112124324,0.09901766,0.12365182,0.33879867,0.5831491,22.72271181,22.10512547,21.91383044,21.29399827,22.04264428,0.11705267,0.061278667,0.08278326,0.114118196,0.15846036,0.192083149
190.3887997,32.127652,22.71608136,21.11538898,0.026,0.003,22.74408136,21.12738898,0.091,0.009,0.7274,0.6707,0.000118389,0.000113976,-89.68,138,20.5879,2.075,0,0,21.21038898,0.006,24.417,25.161,23.698,24.52,24.944,25.566,21.65338898,21.22278898,21.11858898,21.08178898,21.67858126,21.23928698,21.16026666,20.91780502,20.9741928,0.05927533,0.046895307,0.058754835,0.23084737,0.08211973,21.60066026,21.12110598,20.96174666,20.63306202,20.9078638,0.030812068,0.01851527,0.035808623,0.103044614,0.057817575,0.252154989
190.4962067,32.1316986,22.7852442,21.19809388,0.027,0.004,22.7472442,21.19209388,0.09,0.011,0.7274,0.6234,0.000113728,0.000109379,-18.56,118,20.6197,1.952,0,0,21.26609388,0.008,24.417,24.989,23.698,24.459,24.944,25.651,21.67559388,21.27729388,21.18019388,21.10729388,21.97456272,21.38048388,21.03981078,20.67015336,21.15544416,0.078562655,0.042777248,0.06679017,0.21304816,0.10094312,21.73284872,21.21451988,21.07312078,20.88941036,21.09172316,0.04369658,0.017847698,0.025955096,0.096887864,0.075523175,0.25721533
190.3794298,32.1319656,24.23288385,22.70028251,0.103,0.013,23.69888385,22.70928251,0.223,0.04,0.7274,0.6474,0.000107931,0.0001066,8.45,71,22.424,2.307,0,0,22.78228251,0.026,24.417,25.051,23.698,24.497,24.944,25.655,23.34368251,22.80178251,22.73288251,22.90608251,22.96742035,22.48838151,22.4106129,20.53143198,22.09833795,0.18735705,0.16571195,0.17213349,0.28249598,0.14599608,23.06950435,22.71287651,22.3607099,21.67688498,21.90854895,0.15167163,0.12562303,0.07297837,0.11879677,0.079612724,0.034405877
190.4060924,32.1422084,23.85940106,21.90956132,0.073,0.005,23.64140106,21.89056132,0.208,0.017,0.7274,0.6438,0.000114563,0.000112157,50.43,111,21.3688,2.092,0,0,21.98756132,0.011,24.417,25.19,23.698,24.634,24.944,25.688,22.44426132,22.00246132,21.87006132,21.85426132,22.74600136,22.03268532,22.06312905,20.43390202,21.58860906,0.20300275,0.10340183,0.16225746,0.18816909,0.19224778,22.55768736,21.94935332,21.69031505,20.79077402,21.37474306,0.08200622,0.0926971,0.07468263,0.3038457,0.21229161,0.157832635
190.5138738,32.152944,23.92157439,22.42281092,0.075,0.011,23.97657439,22.43381092,0.276,0.033,0.7274,0.6234,0.000106378,9.62E-05,38.98,68,21.7931,1.939,0,0,22.48581092,0.022,24.417,24.989,23.698,24.459,24.944,25.651,22.89201092,22.49931092,22.42601092,22.41301092,22.5519492,22.62185692,22.79012452,20.19685938,22.28952449,0.22571822,0.1230516,0.23153405,0.3002834,0.317542,22.8119382,22.50031092,22.32323452,21.31661238,22.08891949,0.118894316,0.0503696,0.06660818,0.19890787,0.10434035,0.002756916
190.2161664,32.159726,22.75460149,21.25659127,0.026,0.004,22.75060149,21.26559127,0.089,0.011,0.7274,0.6474,0.000116839,0.000110717,84.1,119,20.6786,2.032,0,0,21.33659127,0.007,24.417,25.051,23.698,24.497,24.944,25.655,21.75659127,21.34769127,21.26519127,21.29069127,21.90706515,21.51292227,21.35505602,21.04013708,21.19614287,0.07827683,0.048951507,0.086223125,0.11791618,0.16418807,21.74584815,21.28199127,21.15108002,20.69198908,21.13986987,0.05393454,0.028054265,0.03549347,0.08629709,0.060850702,0.090846367
190.3946855,32.1610979,22.98965304,21.6181581,0.033,0.005,22.98165304,21.6381581,0.113,0.015,0.7274,0.6474,0.000111354,0.000105637,55.81,103,20.9588,1.963,0,0,21.6951581,0.011,24.417,25.051,23.698,24.497,24.944,25.655,22.1083581,21.7079581,21.6313581,21.6196581,22.15315051,21.9215741,21.67529971,20.6953295,21.68104818,0.102714546,0.11619199,0.060296524,0.23154394,0.326755,22.01112751,21.6299921,21.45187671,20.8609835,21.41142318,0.03901616,0.05379733,0.055312406,0.08043233,0.14730465,0.038925004
190.1846955,32.1652971,23.93201005,22.44573342,0.075,0.011,24.62401005,22.46573342,0.499,0.036,0.7274,0.6451,0.000102019,0.00010059,62.34,69,21.7771,2.024,0,0,22.51573342,0.023,24.417,24.939,23.698,24.384,24.944,25.61,22.96493342,22.52823342,22.47923342,22.53643342,23.18316111,22.83901442,22.30184971,20.47407187,21.25864771,0.14122422,0.263825,0.2147825,0.29685426,0.24693052,23.06117511,22.44924942,22.44571971,21.29062887,21.57939071,0.13618574,0.09363634,0.103767365,0.2455509,0.28908125,0.001624371
190.2082901,32.1833842,22.07585383,20.46118825,0.014,0.002,22.01985383,20.45218825,0.046,0.005,0.7274,0.6474,0.000123745,0.000120219,74.19,187,19.8809,2.046,0,2,20.54118825,0.004,24.417,25.051,23.698,24.497,24.944,25.655,20.97688825,20.55268825,20.44338825,20.38888825,21.00867458,20.54590025,20.40459881,20.11129265,20.27530011,0.051749095,0.028613746,0.036720704,0.09338949,0.05223596,20.87637458,20.48333125,20.32222581,20.06512765,20.23510411,0.028735366,0.023296602,0.017935706,0.038242925,0.031321995,0.020260109
190.4919614,32.2417599,22.70703384,21.40759762,0.025,0.004,22.62203384,21.40859762,0.08,0.013,0.7274,0.6234,0.000108248,0.000107034,89.84,101,20.7403,1.921,0,3,21.47559762,0.009,24.417,24.989,23.698,24.459,24.944,25.651,21.86869762,21.48369762,21.39819762,21.37529762,21.87371339,21.33105562,21.31914654,21.15636215,20.70884533,0.06286244,0.08605407,0.09694563,0.14969693,0.18438196,21.79801039,21.36337362,21.32832454,21.04988015,21.18942333,0.037571754,0.032058544,0.03704805,0.10807431,0.055504315,0.000373935
190.6005769,32.2392477,23.19741044,21.85233966,0.04,0.006,23.04541044,21.81733966,0.122,0.019,0.7274,0.6234,0.000118711,0.000111264,28.89,100,21.4551,2.27,0,0,21.92333966,0.013,24.417,24.989,23.698,24.459,24.944,25.651,22.45893966,21.94153966,21.79503966,21.76033966,22.36246102,22.00727366,21.48980561,25.35047693,21.95912648,0.14226739,0.07510145,0.119862705,23.51227,0.1898397,22.20771902,21.99326666,21.63978261,21.60824693,21.69353748,0.07515514,0.0651366,0.06655486,0.23637925,0.070311666,0.00011965
190.1610076,32.2453817,22.54983601,20.78079577,0.022,0.003,22.51483601,20.77879577,0.073,0.008,0.7274,0.6451,0.000119129,0.000115509,88.28,146,20.1855,2.033,0,0,20.85879577,0.006,24.417,24.939,23.698,24.384,24.944,25.61,21.29319577,20.87109577,20.77189577,20.74049577,21.49016028,20.88834077,20.83910147,20.48720322,20.84202965,0.034516267,0.043219335,0.04654633,0.13379303,0.10096889,21.31631828,20.78237977,20.63239147,20.37212322,20.57876465,0.020065831,0.022428602,0.019979285,0.07374158,0.03632236,0.207983468
190.5448264,31.9786503,21.84004246,19.84536801,0.013,0.001,21.80204246,19.84236801,0.039,0.004,0.6938,0.6474,0.000124481,0.000122899,89.11,216,19.3105,2.063,0,0,19.92536801,0.003,24.421,24.899,23.496,24.334,24.844,25.529,20.36436801,19.93726801,19.83416801,19.81516801,20.46691295,19.96741801,19.76496413,19.69108716,19.73116521,0.016518908,0.032630038,0.033351365,0.101145245,0.046238407,20.38993395,19.84004301,19.66618213,19.61988216,19.59114721,0.016817031,0.009151573,0.01619174,0.063485056,0.018070342,0.043725508
190.5758123,32.0064783,22.16391872,20.47591844,0.015,0.002,22.16991872,20.48791844,0.05,0.006,0.6938,0.6474,0.000117628,0.000115118,61.43,154,19.8457,2.004,0,0,20.55491844,0.005,24.421,24.899,23.496,24.334,24.844,25.529,20.97681844,20.56601844,20.47851844,20.47831844,21.1888181,20.54813844,20.48458223,20.3393609,20.11366218,0.032847524,0.04116344,0.034795344,0.12706013,0.058403496,20.9943891,20.45683544,20.33817423,20.0441229,20.15864318,0.016830286,0.011630626,0.024111742,0.12740488,0.025593273,0.077598572
190.7103882,32.0124357,23.80604205,22.25260205,0.065,0.012,23.86004205,22.27160205,0.234,0.036,0.6938,0.6765,0.000110651,0.000102745,80.08,76,21.8187,2.17,0,0,22.34860205,0.025,24.421,24.91,23.496,24.314,24.844,25.468,22.85130205,22.36480205,22.26910205,22.09920205,22.80520779,22.44111805,22.2124186,20.22914523,21.49349077,0.17301905,0.12217899,0.2460264,0.48093757,0.11886342,22.57643479,22.14774905,22.0465606,21.26647223,22.53372277,0.06116,0.07672659,0.114125706,0.1414903,0.24876255,0.015335918
190.4159836,32.0231981,24.4053269,22.49013847,0.118,0.013,24.7133269,22.50813847,0.541,0.041,0.6938,0.6474,0.000101931,9.76E-05,31.57,65,21.9156,1.982,0,0,22.56813847,0.027,24.421,24.899,23.496,24.334,24.844,25.529,23.00823847,22.57783847,22.52193847,22.39333847,22.88464116,22.80678447,22.37036066,20.08727432,22.2289498,0.20002355,0.19900313,0.14550233,0.40373978,1.091506,22.94319316,22.47497647,22.19420366,20.94398932,21.8310378,0.1356534,0.08435508,0.08687778,0.36826918,0.20498401,0.369351166
190.4976291,32.0598892,23.15225921,21.76556293,0.038,0.006,23.15425921,21.77856293,0.128,0.02,0.6938,0.6474,0.000106885,0.0001054,35.55,86,21.1816,1.978,0,0,21.84656293,0.013,24.421,24.899,23.496,24.334,24.844,25.529,22.26076293,21.85856293,21.79796293,21.82316293,22.28192022,21.79019693,21.80880095,21.3647938,21.50725669,0.09585143,0.06613988,0.08937082,0.81593966,0.2824627,22.18523722,21.71418193,21.70964595,21.5004338,21.58042669,0.05905847,0.03554181,0.047858935,0.26799956,0.0656071,0.000239356
190.2837616,32.0093587,24.06992549,22.55400018,0.079,0.012,24.32192549,22.58600018,0.34,0.041,0.7043,0.665,0.000103887,0.000100069,44.11,65,21.9272,2.005,0,0,22.63500018,0.025,24.425,24.945,23.489,24.334,25.013,25.511,23.08240018,22.64330018,22.60020018,22.60750018,22.90532477,22.66435918,22.52664364,20.96884934,23.0326791,0.17180781,0.137533,0.27931523,0.51570916,0.97512156,22.94446277,22.58934318,22.43908064,21.62948334,22.2767581,0.11300758,0.085263506,0.08933134,0.3059247,0.15081368,0.007422066
190.2804074,32.0134412,23.47872326,21.66689117,0.046,0.007,23.36672326,21.66389117,0.142,0.02,0.7043,0.633,0.000109657,0.000101065,73.4,88,21.0538,1.961,0,0,21.74089117,0.014,24.425,24.719,23.489,24.193,25.013,25.348,22.15169117,21.75209117,21.65129117,21.56439117,22.7859632,21.90232517,21.77791412,21.2509801,21.76031385,0.17652841,0.097989075,0.09518114,0.259949,0.15874344,22.3530332,21.72059817,21.49884012,21.0681221,21.38856785,0.08764523,0.038162284,0.03497995,0.13578293,0.0631626,0.191419404
190.6039274,32.0087296,23.13071813,21.62734935,0.03,0.006,23.23171813,21.62134935,0.111,0.017,0.6883,0.6474,0.00011558,0.000108384,-47.29,106,20.9999,2.05,0,0,21.70734935,0.012,24.557,24.899,23.651,24.334,25.093,25.529,22.15434935,21.72144935,21.61024935,21.57914935,22.172017,21.88902135,21.58630776,20.56618544,21.66584137,0.12376568,0.07367385,0.10352822,0.2859874,0.24624646,22.078605,21.71514535,21.54783276,21.02467744,21.60538037,0.07972697,0.033260256,0.051880796,0.15051953,0.1310156,0.019684379
190.6293124,32.0306618,22.30141016,21.00226143,0.014,0.004,22.30641016,20.99526143,0.047,0.013,0.6883,0.6563,0.000112757,0.00010821,-37.55,110,20.4201,2.042,0,0,21.08426143,0.009,24.557,24.701,23.651,24.125,25.093,25.326,21.51016143,21.09646143,20.97786143,20.90226143,21.56480542,21.04484043,20.84936263,20.82700314,21.2946585,0.10383524,0.049931932,0.0717651,0.16596283,0.18112697,21.38487142,20.95638543,20.87691763,20.68893014,20.9689325,0.039523445,0.02366944,0.055925842,0.10229727,0.05966183,0.002586896
190.6752963,32.0558516,22.22512738,20.69564804,0.013,0.003,22.17612738,20.69364804,0.041,0.008,0.6883,0.6765,0.000124418,0.000117818,-80.9,161,20.1957,2.11,0,0,20.79264804,0.005,24.557,24.91,23.651,24.314,25.093,25.468,21.25534804,20.80624804,20.68644804,20.66194804,21.26510927,20.79202504,20.78002746,19.96881185,20.5442852,0.04555725,0.055005457,0.048847288,0.13396068,0.07749124,21.13301827,20.63738804,20.59859446,20.29465685,20.4563212,0.019335493,0.025757236,0.022476846,0.050104935,0.05050799,0.00211358
190.164367,32.1311,24.53787363,22.47712084,0.151,0.011,25.51687363,22.45612084,1.272,0.035,0.7254,0.6451,0.000107242,0.000101734,83.15,70,21.9548,2.154,0,0,22.55712084,0.024,24.198,24.939,23.364,24.384,24.585,25.61,23.04472084,22.57562084,22.42032084,22.26092084,23.00851962,22.89343684,22.33741833,20.58824194,21.51810712,0.22667982,0.18738955,0.2304002,0.51021004,0.292946,23.08264662,22.60641884,22.27717533,21.46777194,21.89046912,0.08148842,0.08353405,0.15748005,0.29357326,0.14950308,0.091329288
190.2614194,32.077029,24.46017424,22.68951713,0.104,0.012,24.24717424,22.66651713,0.295,0.039,0.719,0.6576,0.000113988,0.000104974,-76.03,77,22.31,2.262,0,0,22.77451713,0.026,24.554,25.06,23.629,24.481,25.019,25.561,23.30861713,22.79071713,22.65821713,22.76431713,22.86984401,22.18905013,22.03091222,19.72293628,21.86496637,0.36845446,0.09413819,0.16021517,0.24081376,0.15785596,23.08103301,22.59831413,22.31430822,21.33513828,21.86522737,0.13915153,0.11133361,0.076027386,0.2971774,0.10775216,0.429682664
190.2984978,32.1082989,22.69759228,21.27466439,0.02,0.004,22.63959228,21.26166439,0.066,0.011,0.719,0.6576,0.000117747,0.00011607,65.44,129,20.7421,2.077,0,0,21.35866439,0.007,24.554,25.06,23.629,24.481,25.019,25.561,21.81226439,21.37256439,21.25366439,21.25156439,22.01884636,21.40876139,21.35282045,19.97434447,21.09541203,0.10526178,0.06003773,0.14637911,0.18786928,0.09303937,21.74648036,21.29076939,21.19196145,20.72105747,21.05222603,0.043943565,0.02549251,0.031043254,0.11984299,0.047100805,0.022066339
190.2533399,32.1112525,22.81988174,21.07082042,0.023,0.003,22.81188174,21.09282042,0.079,0.009,0.719,0.6707,0.000116298,0.000111401,-61.64,121,20.5911,2.061,0,0,21.16282042,0.006,24.554,25.161,23.629,24.52,25.019,25.566,21.62102042,21.17342042,21.08592042,21.02032042,21.70911591,21.21536742,20.95937955,20.64300181,20.95047827,0.06761088,0.040794488,0.049864616,0.2684022,0.13925262,21.62587691,21.11621542,20.87500355,20.66825781,20.80238827,0.034037795,0.028837014,0.023725584,0.056519598,0.07394544,0.64556683
190.2198656,32.1133752,24.35833765,22.75752713,0.103,0.014,24.24633765,22.70652713,0.32,0.041,0.719,0.662,0.000102766,9.71E-05,-23.45,61,22.2191,2.048,0,0,22.86252713,0.029,24.554,25.019,23.629,24.378,25.019,25.424,23.29202713,22.87482713,22.70082713,22.52602713,23.42301796,22.74121013,23.10605937,20.19800596,23.54098016,0.4564308,0.27673227,0.39415902,0.27419308,2.4080384,23.09916196,22.66293313,22.48383037,21.52411296,22.40842316,0.22781299,0.11689574,0.07595447,0.1731899,0.25941983,0.183970481
190.4280573,32.0871479,24.18541784,22.65057036,0.087,0.012,24.35341784,22.67257036,0.345,0.039,0.7053,0.6576,0.000101681,9.90E-05,49.02,62,22.1104,2.055,0,0,22.73557036,0.025,24.559,25.06,23.634,24.481,24.863,25.561,23.17217036,22.74897036,22.66397036,22.70007036,22.84395844,23.02183436,22.40724431,20.15188127,21.72096405,0.25695395,0.19501059,0.15949312,0.34625894,0.8153966,22.98252544,22.79714036,22.44253531,21.51357027,22.02025005,0.11543919,0.09914202,0.15277645,0.15364242,0.21308532,3.92E-05
190.3983321,32.0920083,23.87000156,22.50234597,0.069,0.01,23.71100156,22.44134597,0.199,0.031,0.7053,0.6576,0.00011042,0.000107424,-54.58,79,22.1283,2.319,0,0,22.59634597,0.022,24.559,25.06,23.634,24.481,24.863,25.561,23.12244597,22.61574597,22.39734597,22.34364597,23.24521108,22.44007597,22.27696886,21.1176418,22.46663303,0.3432905,0.16047807,0.18926679,0.3840496,0.5884116,22.97343508,22.40708497,22.46487586,21.6837258,22.18190203,0.10324804,0.07048865,0.13321504,0.30598423,0.30839598,1.54E-05
190.3343567,32.2140774,22.49054427,21.0129433,0.024,0.003,22.36054427,21.0139433,0.076,0.011,0.7392,0.671,0.000119216,0.000114682,69.08,128,20.5425,2.136,0,0,21.1069433,0.007,24.164,24.876,23.239,24.235,24.532,25.346,21.5817433,21.1190433,20.9971433,20.9238433,21.69617299,21.1226733,21.01383434,21.0791885,21.11547399,0.06459202,0.055017464,0.06276811,0.20931695,0.15287825,21.48432999,21.0904833,20.88160734,20.7427645,20.98352899,0.03448278,0.02698044,0.033868026,0.1024695,0.0923742,0.100603684
190.2722892,32.2129928,23.02795171,21.61370197,0.042,0.006,22.88795171,21.62270197,0.13,0.018,0.7392,0.671,0.000112342,0.000105609,84.7,91,21.1192,2.087,0,0,21.70870197,0.012,24.164,24.876,23.239,24.235,24.532,25.346,22.17970197,21.71970197,21.62300197,21.60620197,22.30799766,21.62464897,21.49016293,20.92453609,22.13252533,0.16679075,0.06573986,0.096855015,0.80203235,0.3748221,22.13241266,21.55846897,21.42028293,20.96907909,21.62178733,0.06601181,0.035384376,0.056176305,0.22418186,0.08520089,0.249214926
190.2698327,32.223751,21.5321389,20.00280287,0.011,0.001,21.5321389,20.00180287,0.038,0.004,0.7392,0.6474,0.00012427,0.000120669,-86.07,207,19.4159,2.04,0,0,20.08180287,0.003,24.164,25.051,23.239,24.497,24.532,25.655,20.51700287,20.09370287,19.99260287,19.96580287,20.41354151,20.08159287,19.95841483,19.94893151,20.0453501,0.03214455,0.023050375,0.02968478,0.09332307,0.05956949,20.39039151,20.00591287,19.87498083,19.82891651,19.8901911,0.021101683,0.010785172,0.012699964,0.033794165,0.022011643,0.002735992
190.5092007,32.0473649,23.8264077,22.45664298,0.086,0.014,23.9994077,22.39964298,0.322,0.042,0.6544,0.6563,0.000103746,9.48E-05,-60.62,59,21.8174,2.078,0,0,22.54864298,0.029,24.201,24.701,23.276,24.125,24.566,25.326,22.97014298,22.56424298,22.36854298,22.29194298,22.57140392,22.48330798,22.4600444,20.50793143,22.47635793,0.16504246,0.1341304,0.27403793,0.3911021,0.9162072,22.82198392,22.42209998,22.1761334,20.95331543,22.41871993,0.10286181,0.106770225,0.07351314,0.1317335,0.27197126,0.179279326
190.7052424,32.0521145,24.55386024,22.98050404,0.126,0.022,24.41786024,22.86050404,0.369,0.067,0.6819,0.6925,9.84E-05,9.50E-05,-8.7,52,22.6833,2.276,0,0,23.09650404,0.047,24.419,24.714,23.494,24.058,24.801,25.072,23.63580404,23.10410404,22.85040404,22.77260404,23.07778512,22.88756404,22.6487077,20.50810917,22.4043196,0.4691696,0.68279886,0.34358525,0.17016028,0.48167148,23.60120312,22.81962104,22.8575417,21.28988417,22.0750556,0.2896114,0.118601725,0.16598122,0.12312329,0.22783545,7.14E-06
190.8945282,32.0987724,23.08935678,21.71992787,0.032,0.006,23.14235678,21.66192787,0.112,0.018,0.7011,0.6765,0.000128819,0.000119681,4.98,129,21.3935,2.458,0,0,21.82592787,0.013,24.559,24.91,23.823,24.314,24.785,25.468,22.39702787,21.84592787,21.64902787,21.51962787,22.82717779,22.19754487,21.98084888,20.89464742,22.24899234,0.33316556,0.11513159,0.12809901,0.7993032,0.452691,22.24961779,21.84880087,21.78305688,21.04024142,22.03003834,0.06648264,0.05203036,0.06029159,0.30097622,0.18072316,0.000603064
190.7713327,32.2338044,22.7620003,21.36711858,0.028,0.004,22.7140003,21.37311858,0.093,0.012,0.7274,0.6234,0.000110917,0.000105083,-64.55,102,20.7158,1.907,0,0,21.43211858,0.009,24.395,24.989,23.581,24.459,24.722,25.651,21.82651858,21.44091858,21.37221858,21.30351858,21.92114745,21.59171458,21.31957445,21.19406002,21.23267528,0.11210952,0.10590724,0.066137314,0.3518433,0.118929096,21.81385145,21.40863358,21.31117245,21.14049402,21.25786028,0.043290786,0.039752994,0.043927476,0.12929961,0.05213833,0.004615474
190.8225594,32.2307474,24.63851278,22.69293388,0.152,0.014,24.38951278,22.67493388,0.42,0.041,0.7274,0.6234,0.000101556,9.50E-05,4.65,61,22.0858,2.008,0,0,22.76293388,0.029,24.395,24.989,23.581,24.459,24.722,25.651,23.17803388,22.77413388,22.64833388,22.51913388,23.95311796,23.08729388,22.80175827,,22.14304292,1.4233264,0.21699971,0.32614222,-0.5485398,0.3557523,23.25414496,22.70013288,22.19941127,22.25628522,21.87831592,0.17016928,0.10848607,0.074686125,0.57468086,0.12290864,1.15E-05
190.8083908,32.0583714,22.76815631,20.67620268,0.022,0.003,22.70615631,20.67520268,0.068,0.008,0.6883,0.6765,0.000123825,0.000120982,-89.42,164,20.1868,2.134,0,0,20.77320268,0.006,24.557,24.91,23.651,24.314,25.093,25.468,21.25030268,20.78660268,20.66760268,20.62960268,21.48310101,20.82237268,20.52085871,20.43451454,20.78877177,0.053866014,0.04136008,0.047747154,0.105782874,0.1020529,21.30328101,20.68967268,20.41721471,20.25025954,20.45093177,0.029259618,0.017567268,0.021590114,0.06679815,0.0393209,0.030044245
190.7833805,32.1470263,23.14102997,21.35913458,0.032,0.004,23.13702997,21.30913458,0.111,0.012,0.7203,0.6234,0.000132135,0.000125772,-40.23,161,20.7279,2.115,0,3,21.43713458,0.009,24.556,24.989,23.631,24.459,24.897,25.651,21.88423458,21.45363458,21.28963458,21.17773458,21.65626056,20.91892858,20.21958853,19.55943153,20.81841812,0.06339593,0.05391113,0.048879076,0.09372716,0.12151179,21.73840456,21.35311858,20.98573253,20.75824953,20.97078112,0.03862109,0.04083977,0.052465383,0.08560116,0.07262257,0.046056654
190.7922619,32.1669533,21.67497943,20.17864638,0.009,0.002,21.64997943,20.17864638,0.028,0.004,0.7203,0.6234,0.000118436,0.0001155,-31.83,180,19.5005,1.918,0,0,20.24664638,0.003,24.556,24.989,23.631,24.459,24.897,25.651,20.63624638,20.25644638,20.16714638,20.15934638,20.77873238,20.34450838,20.25882509,20.30136109,20.21315201,0.028775278,0.028365072,0.030929226,0.11603705,0.03321233,20.60545738,20.18189338,20.07634509,20.00535309,19.96653001,0.021153856,0.012078354,0.011528385,0.06830837,0.022849178,0.00449468
190.8274363,32.1875608,21.68068242,20.35456436,0.009,0.002,21.68568242,20.35456436,0.03,0.005,0.7203,0.6234,0.000116883,0.000115194,-24.55,178,19.6547,1.907,0,0,20.42156436,0.004,24.556,24.989,23.631,24.459,24.897,25.651,20.80666436,20.43106436,20.34606436,20.32026436,20.77216134,20.47339936,20.31817405,19.79688956,20.28706742,0.032917228,0.03197659,0.036355995,0.114704065,0.06668346,20.67377934,20.35927136,20.24347305,20.01092756,20.11475642,0.026075939,0.017579408,0.022792805,0.055864908,0.027341168,7.79E-05
190.8257221,32.0804621,23.05052329,21.6924005,0.026,0.006,23.00452329,21.6844005,0.086,0.019,0.7066,0.6765,0.000115717,0.000106486,85.83,100,21.2044,2.066,0,0,21.7904005,0.012,24.683,24.91,23.758,24.314,25.031,25.468,22.2498005,21.8037005,21.6828005,21.5968005,22.12729096,21.7600885,21.67671275,21.50214352,21.98372111,0.17454259,0.090304986,0.09536678,0.28158855,0.2622765,22.13634096,21.6519845,21.66721175,21.19579652,21.66793211,0.08644486,0.04881402,0.08042126,0.12739216,0.07598879,7.83E-05
190.757518,32.0911814,24.70108433,22.85862484,0.12,0.017,24.35408433,22.88462484,0.293,0.056,0.7066,0.6765,0.000109303,9.88E-05,18.62,68,22.4314,2.159,0,0,22.95362484,0.035,24.683,24.91,23.758,24.314,25.031,25.468,23.46482484,22.96792484,22.87622484,22.85002484,23.90549873,23.73803684,22.79278339,20.90994294,22.60747937,0.6261646,0.74243283,0.3110459,0.45938858,0.67494816,23.27413973,22.82485884,22.49801039,21.44866294,22.33741937,0.15062293,0.07729957,0.12641221,0.1480749,0.13981979,0.164871561
190.7899136,32.109771,22.87968867,21.5129506,0.023,0.005,22.89368867,21.4969506,0.077,0.016,0.7066,0.6765,0.000121985,0.000113787,69.57,121,21.0007,2.132,0,0,21.6129506,0.011,24.683,24.91,23.758,24.314,25.031,25.468,22.0762506,21.6271506,21.4925506,21.5260506,21.98362663,21.7616376,21.30412107,20.64960606,21.58551543,0.14676832,0.08070573,0.07394369,0.2704017,0.21409963,21.97599963,21.5877616,21.27884307,20.88379606,21.36513443,0.060669515,0.036763795,0.043175966,0.14708063,0.0676312,0.133787756
190.8512052,32.1153072,23.57824434,21.96932822,0.043,0.006,23.68924434,21.97332822,0.162,0.02,0.7066,0.6672,0.00011177,0.000106049,-78.27,92,21.4175,2.074,0,0,22.06232822,0.013,24.683,25.087,23.758,24.446,25.031,25.492,22.51072822,22.07382822,21.96962822,21.95962822,22.57811799,22.15737822,21.73772346,21.49334757,21.31852089,0.17966954,0.11863942,0.14253868,1.0040522,0.16504775,22.40753199,22.06376622,21.72729546,21.04359857,21.48356189,0.06702774,0.07992426,0.08289699,0.14991184,0.06593299,0.050971149
